ts_ns,symbol,venue,price,price_ticks,size,aggressor_side
1749477601000000000,AAPL,XNAS,1.002213716506958,100,110.0,SELL
1749477631000000000,AAPL,XNAS,1.0016958713531494,100,87.0,SELL
1749477632000000000,AAPL,XNAS,1.0015618801116943,100,1.0,SELL
1749477633000000000,AAPL,XNAS,1.0015122890472412,100,1.0,SELL
1749477635000000000,AAPL,XNAS,1.0011652708053589,100,14.0,BUY
1749477638000000000,AAPL,XNAS,1.0007685422897339,100,50.0,SELL
1749477640000000000,AAPL,XNAS,1.0007685422897339,100,49.0,BUY
1749477654000000000,AAPL,XNAS,1.0011652708053589,100,10.0,BUY
1749477662000000000,AAPL,XNAS,1.0008677244186401,100,11.0,BUY
1749477678000000000,AAPL,XNAS,1.0010660886764526,100,210.0,SELL
1749477688000000000,AAPL,XNAS,1.0016381740570068,100,195.0,SELL
1749477699000000000,AAPL,XNAS,1.0012915134429932,100,22.0,BUY
1749477739000000000,AAPL,XNAS,1.0010093450546265,100,21.0,BUY
1749477748000000000,AAPL,XNAS,1.0009669065475464,100,7.0,SELL
1749477751000000000,AAPL,XNAS,1.0009669065475464,100,6.0,SELL
1749477767000000000,AAPL,XNAS,1.0009669065475464,100,62.0,SELL
1749477796000000000,AAPL,XNAS,1.0008164644241333,100,115.0,SELL
1749477805000000000,AAPL,XNAS,1.001426100730896,100,306.0,SELL
1749477828000000000,AAPL,XNAS,1.0012644529342651,100,99.0,SELL
1749477829000000000,AAPL,XNAS,1.0011487007141113,100,3.0,BUY
1749477836000000000,AAPL,XNAS,1.0021986961364746,100,310.0,SELL
1749477841000000000,AAPL,XNAS,1.0025535821914673,100,90.0,BUY
1749477846000000000,AAPL,XNAS,1.0026031732559204,100,18.0,BUY
1749477890000000000,AAPL,XNAS,1.002801537513733,100,2.0,BUY
1749477907000000000,AAPL,XNAS,1.0028966665267944,100,172.0,SELL
1749477920000000000,AAPL,XNAS,1.0026576519012451,100,213.0,BUY
1749477928000000000,AAPL,XNAS,1.0021073818206787,100,50.0,SELL
1749477930000000000,AAPL,XNAS,1.002106785774231,100,249.0,BUY
1749477942000000000,AAPL,XNAS,1.0015618801116943,100,50.0,SELL
1749477999000000000,AAPL,XNAS,1.0031883716583252,100,126.0,BUY
1749478005000000000,AAPL,XNAS,1.002801537513733,100,12.0,BUY
1749478010000000000,AAPL,XNAS,1.0023552179336548,100,50.0,SELL
1749478040000000000,AAPL,XNAS,1.0030990839004517,100,10.0,BUY
1749478101000000000,AAPL,XNAS,1.003461241722107,100,392.0,SELL
1749478106000000000,AAPL,XNAS,1.0040907859802246,100,200.0,SELL
1749478144000000000,AAPL,XNAS,1.0036444664001465,100,8.0,SELL
1749478151000000000,AAPL,XNAS,1.0033494234085083,100,207.0,BUY
1749478232000000000,AAPL,XNAS,1.0000239610671997,100,2.0,SELL
1749478254000000000,AAPL,XNAS,1.00042724609375,100,242.0,SELL
1749478262000000000,AAPL,XNAS,1.0004417896270752,100,97.0,SELL
1749478275000000000,AAPL,XNAS,1.0010042190551758,100,100.0,SELL
1749478291000000000,AAPL,XNAS,1.0012433528900146,100,3.0,BUY
1749478320000000000,AAPL,XNAS,1.0013389587402344,100,90.0,SELL
1749478321000000000,AAPL,XNAS,1.001767873764038,100,302.0,SELL
1749478351000000000,AAPL,XNAS,1.0012911558151245,100,2.0,SELL
1749478359000000000,AAPL,XNAS,1.0013868808746338,100,161.0,BUY
1749478385000000000,AAPL,XNAS,1.0013868808746338,100,100.0,SELL
1749478413000000000,AAPL,XNAS,1.001602053642273,100,2.0,BUY
1749478480000000000,AAPL,XNAS,1.0013881921768188,100,103.0,SELL
1749478520000000000,AAPL,XNAS,1.0012911558151245,100,20.0,SELL
1749478532000000000,AAPL,XNAS,1.001410722732544,100,4.0,SELL
1749478549000000000,AAPL,XNAS,1.001147747039795,100,100.0,SELL
1749478575000000000,AAPL,XNAS,1.0017216205596924,100,100.0,SELL
1749478588000000000,AAPL,XNAS,1.0015439987182617,100,7.0,SELL
1749478593000000000,AAPL,XNAS,1.0017694234848022,100,20.0,SELL
1749478594000000000,AAPL,XNAS,1.0015302896499634,100,1.0,SELL
1749478637000000000,AAPL,XNAS,1.0016738176345825,100,1.0,SELL
1749478654000000000,AAPL,XNAS,1.001625895500183,100,2.0,BUY
1749478711000000000,AAPL,XNAS,1.0014824867248535,100,1.0,BUY
1749478712000000000,AAPL,XNAS,1.0014824867248535,100,1.0,BUY
1749478741000000000,AAPL,XNAS,1.0012433528900146,100,100.0,SELL
1749478770000000000,AAPL,XNAS,1.0014346837997437,100,1.0,SELL
1749478776000000000,AAPL,XNAS,1.0013868808746338,100,3.0,SELL
1749478818000000000,AAPL,XNAS,1.0004962682724,100,18.0,BUY
1749478843000000000,AAPL,XNAS,1.0002338886260986,100,3.0,SELL
1749478870000000000,AAPL,XNAS,1.0001870393753052,100,1.0,BUY
1749478877000000000,AAPL,XNAS,1.0002316236495972,100,21.0,SELL
1749478901000000000,AAPL,XNAS,1.0001403093338013,100,3.0,SELL
1749478923000000000,AAPL,XNAS,1.0001870393753052,100,1.0,BUY
1749478970000000000,AAPL,XNAS,1.0003623962402344,100,123.0,SELL
1749479007000000000,AAPL,XNAS,1.000998854637146,100,316.0,SELL
1749479008000000000,AAPL,XNAS,1.0013375282287598,100,126.0,SELL
1749479013000000000,AAPL,XNAS,1.0015435218811035,100,3.0,SELL
1749479070000000000,AAPL,XNAS,1.0015902519226074,100,3.0,BUY
1749479092000000000,AAPL,XNAS,1.001275658607483,100,395.0,BUY
1749479093000000000,AAPL,XNAS,1.0012160539627075,100,21.0,BUY
1749479130000000000,AAPL,XNAS,1.001262903213501,100,3.0,BUY
1749479189000000000,AAPL,XNAS,1.0008574724197388,100,300.0,SELL
1749479190000000000,AAPL,XNAS,1.0010056495666504,100,2.0,SELL
1749479252000000000,AAPL,XNAS,1.0012160539627075,100,11.0,BUY
1749479264000000000,AAPL,XNAS,1.0010290145874023,100,1.0,SELL
1749479276000000000,AAPL,XNAS,1.001275897026062,100,340.0,SELL
1749479318000000000,AAPL,XNAS,1.001738429069519,100,198.0,SELL
1749479319000000000,AAPL,XNAS,1.0019721984863281,100,108.0,SELL
1749479345000000000,AAPL,XNAS,1.0019177198410034,100,161.0,BUY
1749479379000000000,AAPL,XNAS,1.001824140548706,100,1.0,SELL
1749479406000000000,AAPL,XNAS,0.9998977184295654,100,1.0,SELL
1749479414000000000,AAPL,XNAS,0.9995834827423096,100,14.0,SELL
1749479416000000000,AAPL,XNAS,0.9995396137237549,100,219.0,SELL
1749479420000000000,AAPL,XNAS,0.9999488592147827,100,176.0,BUY
1749479428000000000,AAPL,XNAS,1.0,100,10.0,SELL
1749479429000000000,AAPL,XNAS,0.9998465180397034,100,100.0,BUY
1749479476000000000,AAPL,XNAS,0.9995396137237549,100,2.0,SELL
1749479490000000000,AAPL,XNAS,0.9997442364692688,100,6.0,SELL
1749479608000000000,AAPL,XNAS,0.9998465180397034,100,1.0,SELL
1749479633000000000,AAPL,XNAS,1.0001534223556519,100,15.0,BUY
1749479703000000000,AAPL,XNAS,1.0002796649932861,100,242.0,SELL
1749479705000000000,AAPL,XNAS,1.0007842779159546,100,15.0,BUY
1749479724000000000,AAPL,XNAS,1.0010101795196533,100,132.0,BUY
1749479725000000000,AAPL,XNAS,1.0011253356933594,100,1.0,BUY
1749479734000000000,AAPL,XNAS,1.0011253356933594,100,4.0,BUY
1749479737000000000,AAPL,XNAS,1.0011764764785767,100,5.0,BUY
1749479765000000000,AAPL,XNAS,1.0012929439544678,100,18.0,BUY
1749479789000000000,AAPL,XNAS,1.0008493661880493,100,390.0,BUY
1749479796000000000,AAPL,XNAS,1.0010230541229248,100,25.0,BUY
1749479885000000000,AAPL,XNAS,1.0009719133377075,100,1.0,BUY
1749479919000000000,AAPL,XNAS,1.0005831718444824,100,232.0,SELL
1749480037000000000,AAPL,XNAS,1.0127055644989014,101,1.0,BUY
1749480064000000000,AAPL,XNAS,1.0125652551651,101,2.0,BUY
1749480133000000000,AAPL,XNAS,1.0123779773712158,101,1.0,BUY
1749480184000000000,AAPL,XNAS,1.012331247329712,101,1.0,SELL
1749480186000000000,AAPL,XNAS,1.0126935243606567,101,871.0,BUY
1749480268000000000,AAPL,XNAS,1.0117852687835693,101,18.0,BUY
1749480274000000000,AAPL,XNAS,1.0118632316589355,101,2.0,BUY
1749480337000000000,AAPL,XNAS,1.0112080574035645,101,106.0,SELL
1749480391000000000,AAPL,XNAS,1.0125759840011597,101,722.0,BUY
1749480493000000000,AAPL,XNAS,1.0122495889663696,101,460.0,SELL
1749480534000000000,AAPL,XNAS,1.0111613273620605,101,36.0,SELL
1749480617000000000,AAPL,XNAS,1.0010039806365967,100,1.0,BUY
1749480632000000000,AAPL,XNAS,1.0014055967330933,100,1.0,BUY
1749480636000000000,AAPL,XNAS,1.0014557838439941,100,18.0,BUY
1749480667000000000,AAPL,XNAS,1.0008031129837036,100,110.0,BUY
1749480680000000000,AAPL,XNAS,1.0008031129837036,100,20.0,BUY
1749480689000000000,AAPL,XNAS,1.0009994506835938,100,112.0,SELL
1749480719000000000,AAPL,XNAS,1.0011545419692993,100,5.0,BUY
1749480735000000000,AAPL,XNAS,1.000853419303894,100,166.0,BUY
1749480771000000000,AAPL,XNAS,1.000903606414795,100,2.0,BUY
1749480780000000000,AAPL,XNAS,1.0011043548583984,100,7.0,BUY
1749480797000000000,AAPL,XNAS,1.0009537935256958,100,1.0,BUY
1749480800000000000,AAPL,XNAS,1.0008227825164795,100,378.0,BUY
1749480803000000000,AAPL,XNAS,1.0007027387619019,100,100.0,SELL
1749480804000000000,AAPL,XNAS,1.000853419303894,100,5.0,BUY
1749480813000000000,AAPL,XNAS,1.000652551651001,100,201.0,BUY
1749480829000000000,AAPL,XNAS,1.0007529258728027,100,108.0,SELL
1749480832000000000,AAPL,XNAS,1.0010091066360474,100,107.0,BUY
1749480873000000000,AAPL,XNAS,1.0011043548583984,100,36.0,BUY
1749480882000000000,AAPL,XNAS,1.0008031129837036,100,100.0,SELL
1749480944000000000,AAPL,XNAS,1.0006883144378662,100,346.0,SELL
1749480969000000000,AAPL,XNAS,1.0005521774291992,100,10.0,SELL
1749480971000000000,AAPL,XNAS,1.0003992319107056,100,43.0,SELL
1749480979000000000,AAPL,XNAS,1.0003262758255005,100,2.0,SELL
1749480981000000000,AAPL,XNAS,1.0002509355545044,100,1.0,SELL
1749480989000000000,AAPL,XNAS,1.0005121231079102,100,502.0,SELL
1749481026000000000,AAPL,XNAS,1.0008031129837036,100,2.0,BUY
1749481074000000000,AAPL,XNAS,1.000453233718872,100,314.0,BUY
1749481083000000000,AAPL,XNAS,1.0007070302963257,100,94.0,SELL
1749481102000000000,AAPL,XNAS,1.0010039806365967,100,5.0,BUY
1749481111000000000,AAPL,XNAS,1.0010541677474976,100,71.0,BUY
1749481112000000000,AAPL,XNAS,1.0011043548583984,100,1.0,BUY
1749481117000000000,AAPL,XNAS,1.000903606414795,100,290.0,SELL
1749481118000000000,AAPL,XNAS,1.0007634162902832,100,48.0,SELL
1749481126000000000,AAPL,XNAS,1.0009537935256958,100,1.0,BUY
1749481130000000000,AAPL,XNAS,1.0010541677474976,100,1.0,BUY
1749481142000000000,AAPL,XNAS,1.0011043548583984,100,4.0,BUY
1749481150000000000,AAPL,XNAS,1.0010039806365967,100,5.0,BUY
1749481153000000000,AAPL,XNAS,1.00117027759552,100,16.0,BUY
1749481164000000000,AAPL,XNAS,1.001305103302002,100,1.0,BUY
1749481173000000000,AAPL,XNAS,1.0015175342559814,100,221.0,SELL
1749481174000000000,AAPL,XNAS,1.0018070936203003,100,109.0,BUY
1749481192000000000,AAPL,XNAS,1.001556158065796,100,135.0,BUY
1749481194000000000,AAPL,XNAS,1.0016013383865356,100,10.0,BUY
1749481212000000000,AAPL,XNAS,1.0010137557983398,100,2.0,BUY
1749481215000000000,AAPL,XNAS,1.001416802406311,100,199.0,SELL
1749481217000000000,AAPL,XNAS,1.0011937618255615,100,110.0,BUY
1749481230000000000,AAPL,XNAS,1.001155138015747,100,96.0,BUY
1749481279000000000,AAPL,XNAS,1.0007458925247192,100,91.0,BUY
1749481280000000000,AAPL,XNAS,1.0005487203598022,100,176.0,BUY
1749481418000000000,AAPL,XNAS,1.0005422830581665,100,1.0,BUY
1749481432000000000,AAPL,XNAS,1.0002121925354004,100,10.0,SELL
1749481470000000000,AAPL,XNAS,1.0005422830581665,100,1.0,SELL
1749481474000000000,AAPL,XNAS,1.0004950761795044,100,20.0,SELL
1749481508000000000,AAPL,XNAS,1.0008444786071777,100,299.0,SELL
1749481581000000000,AAPL,XNAS,1.0007308721542358,100,78.0,BUY
1749481587000000000,AAPL,XNAS,1.0008251667022705,100,90.0,SELL
1749481662000000000,AAPL,XNAS,1.0005422830581665,100,20.0,BUY
1749481676000000000,AAPL,XNAS,1.0004950761795044,100,1.0,SELL
1749481694000000000,AAPL,XNAS,1.000736951828003,100,124.0,SELL
1749481706000000000,AAPL,XNAS,1.0010877847671509,100,28.0,SELL
1749481734000000000,AAPL,XNAS,1.001059651374817,100,73.0,BUY
1749481742000000000,AAPL,XNAS,1.0013200044631958,100,202.0,SELL
1749481806000000000,AAPL,XNAS,1.0000479221343994,100,405.0,BUY
1749481814000000000,AAPL,XNAS,0.999808132648468,100,1.0,UNKNOWN
1749481836000000000,AAPL,XNAS,0.9995561838150024,100,229.0,BUY
1749481841000000000,AAPL,XNAS,0.9995683431625366,100,4.0,BUY
1749481844000000000,AAPL,XNAS,0.9996206760406494,100,22.0,SELL
1749481864000000000,AAPL,XNAS,0.999616265296936,100,100.0,SELL
1749481891000000000,AAPL,XNAS,0.9995683431625366,100,1.0,BUY
1749481892000000000,AAPL,XNAS,0.9995043873786926,100,3.0,SELL
1749481904000000000,AAPL,XNAS,0.9996642470359802,100,1.0,BUY
1749481948000000000,AAPL,XNAS,1.0000479221343994,100,5.0,BUY
1749481977000000000,AAPL,XNAS,0.9999520182609558,100,1.0,BUY
1749481986000000000,AAPL,XNAS,1.0001918077468872,100,6.0,SELL
1749481996000000000,AAPL,XNAS,1.0005755424499512,100,2.0,BUY
1749482015000000000,AAPL,XNAS,1.0005755424499512,100,45.0,SELL
1749482016000000000,AAPL,XNAS,1.000767469406128,100,1.0,BUY
1749482021000000000,AAPL,XNAS,1.0009113550186157,100,10.0,BUY
1749482054000000000,AAPL,XNAS,1.000512719154358,100,151.0,SELL
1749482058000000000,AAPL,XNAS,1.0008153915405273,100,90.0,SELL
1749482131000000000,AAPL,XNAS,1.0008633136749268,100,1.0,BUY
1749482139000000000,AAPL,XNAS,1.0005276203155518,100,1.0,SELL
1749482161000000000,AAPL,XNAS,1.0005276203155518,100,90.0,SELL
1749482190000000000,AAPL,XNAS,1.000719428062439,100,1.0,BUY
1749482200000000000,AAPL,XNAS,1.0006715059280396,100,2.0,BUY
1749482203000000000,AAPL,XNAS,1.0006715059280396,100,1.0,BUY
1749482205000000000,AAPL,XNAS,1.000719428062439,100,4.0,SELL
1749482244000000000,AAPL,XNAS,1.000767469406128,100,1.0,BUY
1749482251000000000,AAPL,XNAS,1.000767469406128,100,3.0,SELL
1749482252000000000,AAPL,XNAS,1.0008153915405273,100,5.0,SELL
1749482253000000000,AAPL,XNAS,1.0010071992874146,100,1.0,BUY
1749482263000000000,AAPL,XNAS,1.0008153915405273,100,15.0,SELL
1749482294000000000,AAPL,XNAS,1.0010327100753784,100,192.0,SELL
1749482296000000000,AAPL,XNAS,1.00086510181427,100,112.0,BUY
1749482307000000000,AAPL,XNAS,1.0008633136749268,100,1.0,SELL
1749482316000000000,AAPL,XNAS,1.001103162765503,100,4.0,BUY
1749482320000000000,AAPL,XNAS,1.001103162765503,100,1.0,BUY
1749482351000000000,AAPL,XNAS,1.000719428062439,100,100.0,BUY
1749482400000000000,AAPL,XNAS,0.999312162399292,100,1.0,SELL
1749482404000000000,AAPL,XNAS,0.9995023012161255,100,77.0,BUY
1749482426000000000,AAPL,XNAS,0.9992603659629822,100,407.0,BUY
1749482427000000000,AAPL,XNAS,0.9990910887718201,100,20.0,SELL
1749482434000000000,AAPL,XNAS,0.9989593029022217,100,11.0,SELL
1749482436000000000,AAPL,XNAS,0.9992139339447021,100,93.0,BUY
1749482452000000000,AAPL,XNAS,0.9988650679588318,100,10.0,SELL
1749482453000000000,AAPL,XNAS,0.9987717270851135,100,12.0,SELL
1749482456000000000,AAPL,XNAS,0.9987226128578186,100,1.0,UNKNOWN
1749482457000000000,AAPL,XNAS,0.9988700151443481,100,90.0,BUY
1749482464000000000,AAPL,XNAS,0.9985752105712891,100,10.0,SELL
1749482469000000000,AAPL,XNAS,0.998460590839386,100,15.0,BUY
1749482471000000000,AAPL,XNAS,0.998317301273346,100,16.0,SELL
1749482472000000000,AAPL,XNAS,0.9982681274414062,100,4.0,SELL
1749482473000000000,AAPL,XNAS,0.9985752105712891,100,7.0,BUY
1749482475000000000,AAPL,XNAS,0.9983295798301697,100,100.0,BUY
1749482476000000000,AAPL,XNAS,0.9981821775436401,100,9.0,SELL
1749482480000000000,AAPL,XNAS,0.9981330633163452,100,2.0,SELL
1749482481000000000,AAPL,XNAS,0.9983407258987427,100,414.0,BUY
1749482482000000000,AAPL,XNAS,0.9984033107757568,100,399.0,BUY
1749482484000000000,AAPL,XNAS,0.9984278082847595,100,25.0,BUY
1749482487000000000,AAPL,XNAS,0.998651385307312,100,623.0,SELL
1749482495000000000,AAPL,XNAS,0.998880922794342,100,9.0,SELL
1749482504000000000,AAPL,XNAS,0.9991156458854675,100,51.0,BUY
1749482518000000000,AAPL,XNAS,0.9989191293716431,100,2.0,SELL
1749482523000000000,AAPL,XNAS,0.9991156458854675,100,149.0,SELL
1749482525000000000,AAPL,XNAS,0.9992139339447021,100,1.0,BUY
1749482539000000000,AAPL,XNAS,0.9994988441467285,100,250.0,SELL
1749482558000000000,AAPL,XNAS,0.9994149208068848,100,22.0,BUY
1749482576000000000,AAPL,XNAS,0.9994595646858215,100,2.0,BUY
1749482612000000000,AAPL,XNAS,0.9997051954269409,100,91.0,UNKNOWN
1749482616000000000,AAPL,XNAS,0.9997543692588806,100,1.0,BUY
1749482624000000000,AAPL,XNAS,0.9997543692588806,100,1.0,BUY
1749482631000000000,AAPL,XNAS,0.9995578527450562,100,1.0,SELL
1749482637000000000,AAPL,XNAS,0.9995578527450562,100,1.0,BUY
1749482640000000000,AAPL,XNAS,0.9994595646858215,100,2.0,SELL
1749482648000000000,AAPL,XNAS,0.9995578527450562,100,2.0,BUY
1749482659000000000,AAPL,XNAS,0.99925696849823,100,97.0,SELL
1749482684000000000,AAPL,XNAS,0.9992384910583496,100,2.0,SELL
1749482701000000000,AAPL,XNAS,0.999312162399292,100,3.0,SELL
1749482717000000000,AAPL,XNAS,0.9991156458854675,100,1.0,SELL
1749482719000000000,AAPL,XNAS,0.9996017217636108,100,112.0,BUY
1749482720000000000,AAPL,XNAS,0.9993612766265869,100,1.0,SELL
1749482762000000000,AAPL,XNAS,0.9993612766265869,100,2.0,BUY
1749482768000000000,AAPL,XNAS,0.9993612766265869,100,100.0,BUY
1749482780000000000,AAPL,XNAS,0.9990096092224121,100,253.0,BUY
1749482781000000000,AAPL,XNAS,0.9989652037620544,100,145.0,BUY
1749482794000000000,AAPL,XNAS,0.9985752105712891,100,10.0,SELL
1749482795000000000,AAPL,XNAS,0.9984933137893677,100,30.0,SELL
1749482797000000000,AAPL,XNAS,0.9984278082847595,100,1.0,SELL
1749482800000000000,AAPL,XNAS,0.9983358383178711,100,39.0,SELL
1749482804000000000,AAPL,XNAS,0.9982312917709351,100,5.0,SELL
1749482807000000000,AAPL,XNAS,0.9981821775436401,100,10.0,SELL
1749482811000000000,AAPL,XNAS,0.9981330633163452,100,2.0,SELL
1749482814000000000,AAPL,XNAS,0.9980838894844055,100,1.0,SELL
1749482818000000000,AAPL,XNAS,0.9980347752571106,100,1.0,SELL
1749482822000000000,AAPL,XNAS,0.9979410171508789,100,11.0,SELL
1749482823000000000,AAPL,XNAS,0.9980806112289429,100,207.0,SELL
1749482825000000000,AAPL,XNAS,0.9978382587432861,100,103.0,SELL
1749482826000000000,AAPL,XNAS,0.9977914094924927,100,130.0,SELL
1749482830000000000,AAPL,XNAS,0.9976908564567566,100,7.0,SELL
1749482841000000000,AAPL,XNAS,0.9976052045822144,100,39.0,SELL
1749482844000000000,AAPL,XNAS,0.997543454170227,100,10.0,SELL
1749482846000000000,AAPL,XNAS,0.9974124431610107,100,30.0,SELL
1749482849000000000,AAPL,XNAS,0.9972978234291077,100,1.0,SELL
1749482854000000000,AAPL,XNAS,0.9974943399429321,100,25.0,SELL
1749482857000000000,AAPL,XNAS,0.9974943399429321,100,6.0,BUY
1749482870000000000,AAPL,XNAS,0.997543454170227,100,1.0,BUY
1749482885000000000,AAPL,XNAS,0.9973469376564026,100,1.0,SELL
1749482889000000000,AAPL,XNAS,0.9975926280021667,100,52.0,BUY
1749482892000000000,AAPL,XNAS,0.9976001381874084,100,652.0,BUY
1749482893000000000,AAPL,XNAS,0.9976540207862854,100,400.0,SELL
1749482902000000000,AAPL,XNAS,0.9978382587432861,100,5.0,SELL
1749482912000000000,AAPL,XNAS,0.9975513219833374,100,100.0,SELL
1749482917000000000,AAPL,XNAS,0.9977400302886963,100,1.0,BUY
1749482929000000000,AAPL,XNAS,0.9976908564567566,100,2.0,BUY
1749482938000000000,AAPL,XNAS,0.9973493218421936,100,21.0,SELL
1749482945000000000,AAPL,XNAS,0.9973469376564026,100,2.0,SELL
1749482949000000000,AAPL,XNAS,0.9975926280021667,100,125.0,BUY
1749482966000000000,AAPL,XNAS,0.9973961114883423,100,1.0,SELL
1749482976000000000,AAPL,XNAS,0.9974943399429321,100,2.0,SELL
1749482982000000000,AAPL,XNAS,0.997206449508667,100,128.0,BUY
1749482987000000000,AAPL,XNAS,0.9972978234291077,100,3.0,SELL
1749483026000000000,AAPL,XNAS,0.9995449185371399,100,2.0,BUY
1749483049000000000,AAPL,XNAS,0.9998366832733154,100,99.0,SELL
1749483099000000000,AAPL,XNAS,1.0001198053359985,100,1.0,BUY
1749483129000000000,AAPL,XNAS,0.9998802542686462,100,4.0,SELL
1749483145000000000,AAPL,XNAS,0.9997365474700928,100,100.0,BUY
1749483146000000000,AAPL,XNAS,0.99951171875,100,130.0,BUY
1749483147000000000,AAPL,XNAS,0.9994012117385864,100,1.0,BUY
1749483149000000000,AAPL,XNAS,0.9995449185371399,100,1.0,SELL
1749483195000000000,AAPL,XNAS,0.9995927810668945,100,201.0,BUY
1749483197000000000,AAPL,XNAS,0.9994471669197083,100,101.0,SELL
1749483228000000000,AAPL,XNAS,0.9992597699165344,100,104.0,BUY
1749483245000000000,AAPL,XNAS,0.9992574453353882,100,1.0,BUY
1749483259000000000,AAPL,XNAS,0.9994012117385864,100,4.0,BUY
1749483319000000000,AAPL,XNAS,0.999640703201294,100,81.0,BUY
1749483343000000000,AAPL,XNAS,0.9995927810668945,100,1.0,SELL
1749483345000000000,AAPL,XNAS,0.9997844099998474,100,16.0,SELL
1749483346000000000,AAPL,XNAS,0.9995562434196472,100,291.0,BUY
1749483387000000000,AAPL,XNAS,0.9994969964027405,100,20.0,SELL
1749483446000000000,AAPL,XNAS,0.9991238713264465,100,293.0,BUY
1749483450000000000,AAPL,XNAS,0.9989700317382812,100,20.0,BUY
1749483456000000000,AAPL,XNAS,0.9988142251968384,100,427.0,BUY
1749483461000000000,AAPL,XNAS,0.9990275502204895,100,10.0,BUY
1749483528000000000,AAPL,XNAS,0.9986346960067749,100,24.0,SELL
1749483557000000000,AAPL,XNAS,0.9988263249397278,100,3.0,SELL
1749483558000000000,AAPL,XNAS,0.9990658164024353,100,10.0,BUY
1749483587000000000,AAPL,XNAS,0.9991211891174316,100,58.0,SELL
1749483591000000000,AAPL,XNAS,0.9989193677902222,100,105.0,BUY
1749483622000000000,AAPL,XNAS,0.9995735883712769,100,393.0,BUY
1749483623000000000,AAPL,XNAS,0.9995628595352173,100,100.0,SELL
1749483653000000000,AAPL,XNAS,0.9993297457695007,100,502.0,SELL
1749483654000000000,AAPL,XNAS,0.9991353750228882,100,5.0,SELL
1749483667000000000,AAPL,XNAS,0.9990236759185791,100,100.0,SELL
1749483676000000000,AAPL,XNAS,0.9989749789237976,100,205.0,BUY
1749483677000000000,AAPL,XNAS,0.9986399412155151,100,1.0,UNKNOWN
1749483683000000000,AAPL,XNAS,0.9983484745025635,100,103.0,UNKNOWN
1749483695000000000,AAPL,XNAS,0.998199999332428,100,106.0,SELL
1749483723000000000,AAPL,XNAS,0.9980570077896118,100,1.0,SELL
1749483726000000000,AAPL,XNAS,0.9978627562522888,100,5.0,SELL
1749483793000000000,AAPL,XNAS,0.9977656006813049,100,1.0,SELL
1749483822000000000,AAPL,XNAS,0.9978141784667969,100,5.0,SELL
1749483824000000000,AAPL,XNAS,0.9980084300041199,100,3.0,BUY
1749483825000000000,AAPL,XNAS,0.9980570077896118,100,3.0,SELL
1749483881000000000,AAPL,XNAS,0.998265266418457,100,718.0,SELL
1749483883000000000,AAPL,XNAS,0.9980084300041199,100,101.0,SELL
1749483885000000000,AAPL,XNAS,0.9981541633605957,100,90.0,UNKNOWN
1749483945000000000,AAPL,XNAS,0.997911274433136,100,100.0,SELL
1749483967000000000,AAPL,XNAS,0.9978627562522888,100,2.0,SELL
1749483980000000000,AAPL,XNAS,0.997717022895813,100,1.0,SELL
1749483981000000000,AAPL,XNAS,0.9976190328598022,100,305.0,BUY
1749484003000000000,AAPL,XNAS,0.997096061706543,100,111.0,BUY
1749484053000000000,AAPL,XNAS,0.9968916177749634,100,120.0,SELL
1749484056000000000,AAPL,XNAS,0.9967212080955505,100,2.0,SELL
1749484144000000000,AAPL,XNAS,0.9967941045761108,100,1.0,SELL
1749484151000000000,AAPL,XNAS,0.9970369935035706,100,1.0,BUY
1749484190000000000,AAPL,XNAS,0.996745765209198,100,202.0,SELL
1749484215000000000,AAPL,XNAS,1.0004007816314697,100,537.0,SELL
1749484227000000000,AAPL,XNAS,1.0004217624664307,100,23.0,SELL
1749484228000000000,AAPL,XNAS,1.0004713535308838,100,3.0,BUY
1749484231000000000,AAPL,XNAS,1.0006693601608276,100,100.0,BUY
1749484258000000000,AAPL,XNAS,1.0004713535308838,100,105.0,SELL
1749484283000000000,AAPL,XNAS,1.0002728700637817,100,2.0,SELL
1749484284000000000,AAPL,XNAS,1.0002728700637817,100,11.0,SELL
1749484285000000000,AAPL,XNAS,1.0004217624664307,100,12.0,BUY
1749484287000000000,AAPL,XNAS,1.0001832246780396,100,31.0,BUY
1749484288000000000,AAPL,XNAS,1.0000743865966797,100,100.0,BUY
1749484289000000000,AAPL,XNAS,1.0001736879348755,100,9.0,BUY
1749484293000000000,AAPL,XNAS,1.0000743865966797,100,1.0,SELL
1749484294000000000,AAPL,XNAS,1.0002728700637817,100,1.0,BUY
1749484303000000000,AAPL,XNAS,1.0003721714019775,100,9.0,SELL
1749484324000000000,AAPL,XNAS,1.0000743865966797,100,77.0,SELL
1749484335000000000,AAPL,XNAS,0.9999218583106995,100,133.0,SELL
1749484336000000000,AAPL,XNAS,0.9997767210006714,100,93.0,SELL
1749484339000000000,AAPL,XNAS,1.0000652074813843,100,123.0,SELL
1749484362000000000,AAPL,XNAS,1.0002728700637817,100,5.0,BUY
1749484363000000000,AAPL,XNAS,1.0002728700637817,100,15.0,SELL
1749484397000000000,AAPL,XNAS,1.0001240968704224,100,131.0,BUY
1749484398000000000,AAPL,XNAS,1.0003225803375244,100,1.0,SELL
1749484401000000000,AAPL,XNAS,1.0002232789993286,100,1.0,SELL
1749484408000000000,AAPL,XNAS,1.0001240968704224,100,2.0,BUY
1749484415000000000,AAPL,XNAS,0.9998759627342224,100,102.0,SELL
1749484420000000000,AAPL,XNAS,0.9997270703315735,100,34.0,SELL
1749484421000000000,AAPL,XNAS,0.9996973276138306,100,50.0,BUY
1749484428000000000,AAPL,XNAS,0.9995285868644714,100,54.0,SELL
1749484440000000000,AAPL,XNAS,0.9998180270195007,100,120.0,SELL
1749484451000000000,AAPL,XNAS,0.9996774792671204,100,200.0,BUY
1749484455000000000,AAPL,XNAS,0.9993922114372253,100,270.0,SELL
1749484460000000000,AAPL,XNAS,0.999439537525177,100,151.0,BUY
1749484467000000000,AAPL,XNAS,0.9993797540664673,100,100.0,BUY
1749484468000000000,AAPL,XNAS,0.999305784702301,100,157.0,SELL
1749484474000000000,AAPL,XNAS,0.9995087385177612,100,50.0,SELL
1749484475000000000,AAPL,XNAS,0.9994293451309204,100,1.0,SELL
1749484484000000000,AAPL,XNAS,0.9992805123329163,100,90.0,SELL
1749484487000000000,AAPL,XNAS,0.9991481900215149,100,3.0,SELL
1749484499000000000,AAPL,XNAS,0.9995761513710022,100,215.0,SELL
1749484507000000000,AAPL,XNAS,0.9994293451309204,100,44.0,SELL
1749484527000000000,AAPL,XNAS,0.9994293451309204,100,2.0,SELL
1749484528000000000,AAPL,XNAS,0.9994789958000183,100,1.0,SELL
1749484530000000000,AAPL,XNAS,0.9994293451309204,100,6.0,SELL
1749484538000000000,AAPL,XNAS,0.9993053078651428,100,2.0,UNKNOWN
1749484541000000000,AAPL,XNAS,0.9994789958000183,100,90.0,SELL
1749484547000000000,AAPL,XNAS,0.9992308616638184,100,100.0,SELL
1749484551000000000,AAPL,XNAS,0.9990083575248718,100,283.0,BUY
1749484561000000000,AAPL,XNAS,0.9991812705993652,100,28.0,BUY
1749484577000000000,AAPL,XNAS,0.9993816614151001,100,208.0,BUY
1749484587000000000,AAPL,XNAS,0.9993797540664673,100,5.0,UNKNOWN
1749484588000000000,AAPL,XNAS,0.9994235038757324,100,34.0,BUY
1749484589000000000,AAPL,XNAS,0.9994789958000183,100,10.0,BUY
1749484599000000000,AAPL,XNAS,0.9993797540664673,100,228.0,BUY
1749484603000000000,AAPL,XNAS,0.9988834857940674,100,100.0,SELL
1749484605000000000,AAPL,XNAS,0.9988338947296143,100,2.0,SELL
1749484611000000000,AAPL,XNAS,0.9988333582878113,100,91.0,BUY
1749484612000000000,AAPL,XNAS,0.9987346529960632,100,103.0,BUY
1749484618000000000,AAPL,XNAS,0.9986332058906555,100,67.0,BUY
1749484619000000000,AAPL,XNAS,0.9984865188598633,100,2.0,UNKNOWN
1749484621000000000,AAPL,XNAS,0.9983872771263123,100,1.0,BUY
1749484630000000000,AAPL,XNAS,0.9987842440605164,100,10.0,BUY
1749484638000000000,AAPL,XNAS,0.9981999397277832,100,89.0,BUY
1749484639000000000,AAPL,XNAS,0.9981392025947571,100,1.0,BUY
1749484641000000000,AAPL,XNAS,0.997841477394104,100,4.0,BUY
1749484645000000000,AAPL,XNAS,0.997940719127655,100,1.0,SELL
1749484647000000000,AAPL,XNAS,0.9979903101921082,100,4.0,BUY
1749484670000000000,AAPL,XNAS,0.997742235660553,100,2.0,BUY
1749484672000000000,AAPL,XNAS,0.997295618057251,100,100.0,SELL
1749484673000000000,AAPL,XNAS,0.9971467852592468,100,22.0,BUY
1749484675000000000,AAPL,XNAS,0.9970928430557251,100,115.0,SELL
1749484677000000000,AAPL,XNAS,0.9969482421875,100,120.0,SELL
1749484680000000000,AAPL,XNAS,0.996849000453949,100,1.0,SELL
1749484682000000000,AAPL,XNAS,0.9972530603408813,100,21.0,SELL
1749484690000000000,AAPL,XNAS,0.9974011182785034,100,191.0,SELL
1749484698000000000,AAPL,XNAS,0.9973452687263489,100,1.0,SELL
1749484700000000000,AAPL,XNAS,0.9973452687263489,100,18.0,SELL
1749484701000000000,AAPL,XNAS,0.9972460269927979,100,4.0,BUY
1749484705000000000,AAPL,XNAS,0.997295618057251,100,4.0,SELL
1749484730000000000,AAPL,XNAS,0.9975550174713135,100,342.0,SELL
1749484738000000000,AAPL,XNAS,0.9974445104598999,100,100.0,SELL
1749484746000000000,AAPL,XNAS,0.997295618057251,100,23.0,BUY
1749484748000000000,AAPL,XNAS,0.997394859790802,100,110.0,SELL
1749484763000000000,AAPL,XNAS,0.997841477394104,100,90.0,SELL
1749484776000000000,AAPL,XNAS,0.997593343257904,100,1.0,SELL
1749484783000000000,AAPL,XNAS,0.998039960861206,100,10.0,SELL
1749484787000000000,AAPL,XNAS,0.9978910684585571,100,1.0,SELL
1749484788000000000,AAPL,XNAS,0.9977272748947144,100,346.0,BUY
1749484789000000000,AAPL,XNAS,0.997494101524353,100,4.0,BUY
1749484812000000000,AAPL,XNAS,1.0003122091293335,100,1.0,SELL
1749484936000000000,AAPL,XNAS,1.0005042552947998,100,1.0,BUY
1749484994000000000,AAPL,XNAS,1.0004562139511108,100,21.0,BUY
1749485052000000000,AAPL,XNAS,1.0006242990493774,100,2.0,SELL
1749485077000000000,AAPL,XNAS,1.0002012252807617,100,871.0,BUY
1749485078000000000,AAPL,XNAS,0.9996450543403625,100,100.0,SELL
1749485119000000000,AAPL,XNAS,0.9999279379844666,100,1.0,BUY
1749485135000000000,AAPL,XNAS,1.0003443956375122,100,152.0,BUY
1749485136000000000,AAPL,XNAS,1.0004562139511108,100,20.0,BUY
1749485141000000000,AAPL,XNAS,1.0005042552947998,100,66.0,BUY
1749485146000000000,AAPL,XNAS,1.0002161264419556,100,20.0,BUY
1749485182000000000,AAPL,XNAS,1.0001680850982666,100,1.0,SELL
1749485230000000000,AAPL,XNAS,0.9998390674591064,100,437.0,BUY
1749485232000000000,AAPL,XNAS,0.9993996620178223,100,1.0,SELL
1749485292000000000,AAPL,XNAS,1.0000239610671997,100,1.0,SELL
1749485361000000000,AAPL,XNAS,1.0000720024108887,100,2.0,BUY
1749485372000000000,AAPL,XNAS,0.9994956851005554,100,90.0,SELL
1749485414000000000,AAPL,XNAS,0.9997196793556213,100,2.0,SELL
1749485415000000000,AAPL,XNAS,0.9997196793556213,100,1.0,SELL
1749485421000000000,AAPL,XNAS,0.9999532699584961,100,1.0,SELL
1749485426000000000,AAPL,XNAS,0.9997196793556213,100,3.0,SELL
1749485443000000000,AAPL,XNAS,0.9992551803588867,100,102.0,BUY
1749485444000000000,AAPL,XNAS,0.9989720582962036,100,100.0,BUY
1749485447000000000,AAPL,XNAS,0.9991638660430908,100,19.0,SELL
1749485458000000000,AAPL,XNAS,0.9994392991065979,100,1.0,SELL
1749485511000000000,AAPL,XNAS,0.9995561242103577,100,200.0,SELL
1749485532000000000,AAPL,XNAS,1.0000754594802856,100,117.0,SELL
1749485556000000000,AAPL,XNAS,1.0002803802490234,100,100.0,BUY
1749485565000000000,AAPL,XNAS,1.0002803802490234,100,2.0,BUY
1749485596000000000,AAPL,XNAS,1.0002336502075195,100,1.0,BUY
1749485608000000000,AAPL,XNAS,1.0006073713302612,100,5.0,BUY
1749485625000000000,AAPL,XNAS,1.0009052753448486,100,8.0,BUY
1749485632000000000,AAPL,XNAS,1.0010746717453003,100,3.0,SELL
1749485648000000000,AAPL,XNAS,1.0016353130340576,100,2.0,SELL
1749485692000000000,AAPL,XNAS,1.0018222332000732,100,2.0,BUY
1749485715000000000,AAPL,XNAS,1.0020091533660889,100,1.0,BUY
1749485718000000000,AAPL,XNAS,1.0021493434906006,100,4.0,BUY
1749485732000000000,AAPL,XNAS,1.0020558834075928,100,100.0,BUY
1749485733000000000,AAPL,XNAS,1.0020558834075928,100,1.0,BUY
1749485744000000000,AAPL,XNAS,1.0017287731170654,100,6.0,SELL
1749485751000000000,AAPL,XNAS,1.0016820430755615,100,3.0,SELL
1749485755000000000,AAPL,XNAS,1.0015007257461548,100,384.0,SELL
1749485767000000000,AAPL,XNAS,1.0021331310272217,100,26.0,BUY
1749485774000000000,AAPL,XNAS,1.0018689632415771,100,1.0,BUY
1749485780000000000,AAPL,XNAS,1.0022895336151123,100,103.0,SELL
1749485789000000000,AAPL,XNAS,1.0020091533660889,100,28.0,BUY
1749485821000000000,AAPL,XNAS,1.0024745464324951,100,101.0,SELL
1749485831000000000,AAPL,XNAS,1.0029903650283813,100,6.0,BUY
1749485894000000000,AAPL,XNAS,1.0028034448623657,100,1.0,BUY
1749485901000000000,AAPL,XNAS,1.0032707452774048,100,100.0,BUY
1749485952000000000,AAPL,XNAS,1.003177285194397,100,1.0,SELL
1749485979000000000,AAPL,XNAS,1.0030370950698853,100,1.0,SELL
1749485980000000000,AAPL,XNAS,1.003177285194397,100,1.0,SELL
1749485997000000000,AAPL,XNAS,1.0027984380722046,100,213.0,SELL
1749486047000000000,AAPL,XNAS,1.0009181499481201,100,114.0,SELL
1749486050000000000,AAPL,XNAS,1.0005848407745361,100,3.0,SELL
1749486063000000000,AAPL,XNAS,1.0005848407745361,100,97.0,SELL
1749486111000000000,AAPL,XNAS,1.0011931657791138,100,2.0,BUY
1749486149000000000,AAPL,XNAS,1.0006628036499023,100,300.0,BUY
1749486150000000000,AAPL,XNAS,1.0004445314407349,100,1.0,BUY
1749486175000000000,AAPL,XNAS,1.0000702142715454,100,100.0,SELL
1749486176000000000,AAPL,XNAS,1.000023365020752,100,1.0,SELL
1749486177000000000,AAPL,XNAS,1.0003976821899414,100,1.0,BUY
1749486222000000000,AAPL,XNAS,0.999976634979248,100,100.0,BUY
1749486250000000000,AAPL,XNAS,0.9995087385177612,100,45.0,SELL
1749486252000000000,AAPL,XNAS,0.9992747902870178,100,100.0,SELL
1749486258000000000,AAPL,XNAS,0.9990876317024231,100,1.0,BUY
1749486286000000000,AAPL,XNAS,0.9998311996459961,100,420.0,BUY
1749486288000000000,AAPL,XNAS,1.0002105236053467,100,200.0,BUY
1749486353000000000,AAPL,XNAS,0.999695897102356,100,2.0,BUY
1749486409000000000,AAPL,XNAS,1.0003763437271118,100,81.0,BUY
1749486433000000000,AAPL,XNAS,1.0005923509597778,100,119.0,BUY
1749486434000000000,AAPL,XNAS,1.0003509521484375,100,1.0,SELL
1749486439000000000,AAPL,XNAS,1.0001169443130493,100,100.0,BUY
1749486440000000000,AAPL,XNAS,0.9996491074562073,100,100.0,BUY
1749486471000000000,AAPL,XNAS,0.9999298453330994,100,1.0,BUY
1749486503000000000,AAPL,XNAS,1.0004432201385498,100,328.0,BUY
1749486530000000000,AAPL,XNAS,0.999836266040802,100,32.0,SELL
1749486567000000000,AAPL,XNAS,1.0006382465362549,100,461.0,BUY
1749486571000000000,AAPL,XNAS,1.000725269317627,100,108.0,SELL
1749486574000000000,AAPL,XNAS,1.00001859664917,100,1016.0,BUY
1749486582000000000,AAPL,XNAS,0.9989940524101257,100,201.0,BUY
1749486615000000000,AAPL,XNAS,0.9977372884750366,100,28.0,SELL
1749486628000000000,AAPL,XNAS,0.9986120462417603,100,1560.0,SELL
1749486635000000000,AAPL,XNAS,0.9997603893280029,100,100.0,BUY
1749486646000000000,AAPL,XNAS,0.9997560977935791,100,259.0,BUY
1749486647000000000,AAPL,XNAS,1.0003676414489746,100,100.0,BUY
1749486680000000000,AAPL,XNAS,1.0003849267959595,100,129.0,BUY
1749486685000000000,AAPL,XNAS,1.0005031824111938,100,2.0,BUY
1749486697000000000,AAPL,XNAS,1.0006142854690552,100,11.0,BUY
1749486701000000000,AAPL,XNAS,1.0001916885375977,100,20.0,SELL
1749486722000000000,AAPL,XNAS,1.0006709098815918,100,1.0,BUY
1749486731000000000,AAPL,XNAS,1.0007261037826538,100,20.0,BUY
1749486738000000000,AAPL,XNAS,1.0008926391601562,100,8.0,BUY
1749486740000000000,AAPL,XNAS,1.0011022090911865,100,413.0,BUY
1749486742000000000,AAPL,XNAS,1.0012620687484741,100,3.0,BUY
1749486743000000000,AAPL,XNAS,1.0016216039657593,100,55.0,SELL
1749486765000000000,AAPL,XNAS,1.0017253160476685,100,11.0,SELL
1749486793000000000,AAPL,XNAS,1.0015615224838257,100,322.0,BUY
1749486801000000000,AAPL,XNAS,1.0010063648223877,100,20.0,SELL
1749486807000000000,AAPL,XNAS,1.0010063648223877,100,2.0,SELL
1749486813000000000,AAPL,XNAS,1.0010063648223877,100,9.0,SELL
1749486818000000000,AAPL,XNAS,1.0007667541503906,100,2.0,BUY
1749486856000000000,AAPL,XNAS,1.0005322694778442,100,160.0,SELL
1749486862000000000,AAPL,XNAS,1.0004792213439941,100,25.0,SELL
1749486870000000000,AAPL,XNAS,1.000878930091858,100,704.0,SELL
1749486878000000000,AAPL,XNAS,1.001437783241272,100,3.0,BUY
1749486879000000000,AAPL,XNAS,1.0014399290084839,100,22.0,SELL
1749486880000000000,AAPL,XNAS,1.0018211603164673,100,1.0,BUY
1749486906000000000,AAPL,XNAS,1.0016405582427979,100,130.0,BUY
1749486912000000000,AAPL,XNAS,1.0018211603164673,100,90.0,BUY
1749486916000000000,AAPL,XNAS,1.0018690824508667,100,3.0,UNKNOWN
1749486938000000000,AAPL,XNAS,1.002252459526062,100,28.0,BUY
1749486939000000000,AAPL,XNAS,1.002252459526062,100,2.0,SELL
1749486965000000000,AAPL,XNAS,1.0027316808700562,100,1.0,BUY
1749486970000000000,AAPL,XNAS,1.002386212348938,100,95.0,SELL
1749486973000000000,AAPL,XNAS,1.0020027160644531,100,252.0,BUY
1749487008000000000,AAPL,XNAS,1.002012848854065,100,7.0,BUY
1749487010000000000,AAPL,XNAS,1.0023488998413086,100,513.0,SELL
1749487019000000000,AAPL,XNAS,1.002252459526062,100,31.0,BUY
1749487028000000000,AAPL,XNAS,1.0021131038665771,100,110.0,SELL
1749487063000000000,AAPL,XNAS,1.0022045373916626,100,22.0,SELL
1749487065000000000,AAPL,XNAS,1.0020607709884644,100,16.0,SELL
1749487085000000000,AAPL,XNAS,1.0020211935043335,100,121.0,SELL
1749487087000000000,AAPL,XNAS,1.0016648769378662,100,273.0,SELL
1749487102000000000,AAPL,XNAS,1.0015336275100708,100,7.0,SELL
1749487148000000000,AAPL,XNAS,1.0015336275100708,100,13.0,BUY
1749487149000000000,AAPL,XNAS,1.0017732381820679,100,98.0,BUY
1749487157000000000,AAPL,XNAS,1.0012460947036743,100,40.0,SELL
1749487178000000000,AAPL,XNAS,1.0017094612121582,100,541.0,SELL
1749487183000000000,AAPL,XNAS,1.001677393913269,100,119.0,BUY
1749487232000000000,AAPL,XNAS,1.000651478767395,100,1.0,BUY
1749487235000000000,AAPL,XNAS,1.0007156133651733,100,131.0,SELL
1749487274000000000,AAPL,XNAS,1.0006080865859985,100,522.0,SELL
1749487275000000000,AAPL,XNAS,1.0011546611785889,100,314.0,BUY
1749487280000000000,AAPL,XNAS,1.0013291835784912,100,1.0,BUY
1749487313000000000,AAPL,XNAS,1.001276969909668,100,1.0,BUY
1749487319000000000,AAPL,XNAS,1.0013331174850464,100,105.0,BUY
1749487322000000000,AAPL,XNAS,1.0014854669570923,100,1.0,BUY
1749487323000000000,AAPL,XNAS,1.001537561416626,100,5.0,BUY
1749487324000000000,AAPL,XNAS,1.001604676246643,100,7.0,BUY
1749487359000000000,AAPL,XNAS,1.001641869544983,100,1.0,BUY
1749487363000000000,AAPL,XNAS,1.001644253730774,100,449.0,BUY
1749487364000000000,AAPL,XNAS,1.0017460584640503,100,2.0,BUY
1749487369000000000,AAPL,XNAS,1.0018503665924072,100,31.0,BUY
1749487410000000000,AAPL,XNAS,1.001641869544983,100,1.0,BUY
1749487417000000000,AAPL,XNAS,1.001641869544983,100,12.0,BUY
1749487441000000000,AAPL,XNAS,1.0010085105895996,100,132.0,SELL
1749487476000000000,AAPL,XNAS,1.0010263919830322,100,172.0,BUY
1749487495000000000,AAPL,XNAS,1.0013291835784912,100,101.0,BUY
1749487512000000000,AAPL,XNAS,1.00101637840271,100,1.0,SELL
1749487523000000000,AAPL,XNAS,1.001381278038025,100,3.0,BUY
1749487527000000000,AAPL,XNAS,1.0008472204208374,100,110.0,SELL
1749487528000000000,AAPL,XNAS,1.0007036924362183,100,5.0,SELL
1749487534000000000,AAPL,XNAS,1.0005993843078613,100,1.0,SELL
1749487539000000000,AAPL,XNAS,1.000495195388794,100,1.0,SELL
1749487552000000000,AAPL,XNAS,1.000495195388794,100,21.0,BUY
1749487564000000000,AAPL,XNAS,1.000755786895752,100,1.0,BUY
1749487589000000000,AAPL,XNAS,1.0008078813552856,100,321.0,SELL
1749487590000000000,AAPL,XNAS,1.0012798309326172,100,310.0,BUY
1749487592000000000,AAPL,XNAS,1.0014854669570923,100,5.0,BUY
1749487601000000000,AAPL,XNAS,1.0015619993209839,100,122.0,SELL
1749487603000000000,AAPL,XNAS,1.0018503665924072,100,1.0,BUY
1749487604000000000,AAPL,XNAS,1.001902461051941,100,6.0,BUY
1749487607000000000,AAPL,XNAS,1.0015897750854492,100,100.0,BUY
1749487617000000000,AAPL,XNAS,1.0013291835784912,100,21.0,SELL
1749487638000000000,AAPL,XNAS,1.001120686531067,100,39.0,SELL
1749487650000000000,AAPL,XNAS,1.0008339881896973,100,16.0,SELL
1749487655000000000,AAPL,XNAS,1.0005993843078613,100,1.0,BUY
1749487669000000000,AAPL,XNAS,1.0007011890411377,100,21.0,BUY
1749487691000000000,AAPL,XNAS,1.0009642839431763,100,1.0,BUY
1749487711000000000,AAPL,XNAS,1.0005472898483276,100,15.0,BUY
1749487725000000000,AAPL,XNAS,1.0009642839431763,100,4.0,BUY
1749487735000000000,AAPL,XNAS,1.001192331314087,100,8.0,BUY
1749487738000000000,AAPL,XNAS,1.001276969909668,100,1.0,BUY
1749487741000000000,AAPL,XNAS,1.0009121894836426,100,100.0,BUY
1749487769000000000,AAPL,XNAS,1.0004431009292603,100,5.0,BUY
1749487774000000000,AAPL,XNAS,1.0002866983413696,100,14.0,SELL
1749487800000000000,AAPL,XNAS,1.0019383430480957,100,19.0,BUY
1749487801000000000,AAPL,XNAS,1.0019383430480957,100,44.0,SELL
1749487822000000000,AAPL,XNAS,1.002034068107605,100,1.0,BUY
1749487826000000000,AAPL,XNAS,1.0018010139465332,100,115.0,SELL
1749487829000000000,AAPL,XNAS,1.0018905401229858,100,1.0,SELL
1749487839000000000,AAPL,XNAS,1.0017948150634766,100,3.0,SELL
1749487847000000000,AAPL,XNAS,1.0023691654205322,100,7.0,BUY
1749487861000000000,AAPL,XNAS,1.0021777153015137,100,90.0,SELL
1749487866000000000,AAPL,XNAS,1.0019383430480957,100,90.0,BUY
1749487873000000000,AAPL,XNAS,1.0021777153015137,100,1.0,SELL
1749487880000000000,AAPL,XNAS,1.0021297931671143,100,2.0,SELL
1749487881000000000,AAPL,XNAS,1.0022255182266235,100,2.0,SELL
1749487909000000000,AAPL,XNAS,1.0024946928024292,100,53.0,SELL
1749487941000000000,AAPL,XNAS,1.0024968385696411,100,3.0,SELL
1749487953000000000,AAPL,XNAS,1.0023212432861328,100,20.0,SELL
1749487977000000000,AAPL,XNAS,1.0022255182266235,100,100.0,BUY
1749488026000000000,AAPL,XNAS,1.0018330812454224,100,125.0,SELL
1749488027000000000,AAPL,XNAS,1.0017948150634766,100,9.0,UNKNOWN
1749488039000000000,AAPL,XNAS,1.002205491065979,100,343.0,SELL
1749488048000000000,AAPL,XNAS,1.0019862651824951,100,7.0,SELL
1749488062000000000,AAPL,XNAS,1.002034068107605,100,2.0,SELL
1749488069000000000,AAPL,XNAS,1.0017948150634766,100,3.0,SELL
1749488071000000000,AAPL,XNAS,1.0016512870788574,100,5.0,SELL
1749488091000000000,AAPL,XNAS,1.0020508766174316,100,100.0,BUY
1749488092000000000,AAPL,XNAS,1.0020819902420044,100,2.0,BUY
1749488094000000000,AAPL,XNAS,1.002034068107605,100,90.0,BUY
1749488095000000000,AAPL,XNAS,1.0020819902420044,100,106.0,BUY
1749488121000000000,AAPL,XNAS,1.002273440361023,100,1.0,BUY
1749488125000000000,AAPL,XNAS,1.0022027492523193,100,42.0,BUY
1749488138000000000,AAPL,XNAS,1.0022963285446167,100,209.0,BUY
1749488166000000000,AAPL,XNAS,1.0019935369491577,100,613.0,BUY
1749488181000000000,AAPL,XNAS,1.002034068107605,100,1.0,BUY
1749488215000000000,AAPL,XNAS,1.0016512870788574,100,7.0,SELL
1749488217000000000,AAPL,XNAS,1.001603364944458,100,2.0,SELL
1749488218000000000,AAPL,XNAS,1.0015076398849487,100,2.0,SELL
1749488225000000000,AAPL,XNAS,1.0016990900039673,100,78.0,UNKNOWN
1749488231000000000,AAPL,XNAS,1.0019383430480957,100,200.0,BUY
1749488234000000000,AAPL,XNAS,1.002034068107605,100,16.0,SELL
1749488252000000000,AAPL,XNAS,1.002034068107605,100,100.0,SELL
1749488277000000000,AAPL,XNAS,1.001806378364563,100,322.0,BUY
1749488308000000000,AAPL,XNAS,1.0014598369598389,100,22.0,SELL
1749488325000000000,AAPL,XNAS,1.0013641119003296,100,1.0,SELL
1749488326000000000,AAPL,XNAS,1.0014119148254395,100,2.0,BUY
1749488330000000000,AAPL,XNAS,1.0013161897659302,100,5.0,SELL
1749488337000000000,AAPL,XNAS,1.0014598369598389,100,2.0,BUY
1749488338000000000,AAPL,XNAS,1.0014598369598389,100,15.0,BUY
1749488347000000000,AAPL,XNAS,1.0012683868408203,100,5.0,SELL
1749488353000000000,AAPL,XNAS,1.001697301864624,100,26.0,BUY
1749488356000000000,AAPL,XNAS,1.0013161897659302,100,24.0,SELL
1749488357000000000,AAPL,XNAS,1.0012683868408203,100,100.0,SELL
1749488364000000000,AAPL,XNAS,1.0011818408966064,100,125.0,SELL
1749488365000000000,AAPL,XNAS,1.0012683868408203,100,1.0,BUY
1749488366000000000,AAPL,XNAS,1.0011247396469116,100,10.0,SELL
1749488368000000000,AAPL,XNAS,1.0012683868408203,100,2.0,SELL
1749488373000000000,AAPL,XNAS,1.0010769367218018,100,100.0,SELL
1749488383000000000,AAPL,XNAS,1.0010759830474854,100,102.0,SELL
1749488388000000000,AAPL,XNAS,1.001172661781311,100,15.0,SELL
1749488392000000000,AAPL,XNAS,1.000933289527893,100,10.0,SELL
1749488394000000000,AAPL,XNAS,1.0014119148254395,100,135.0,SELL
1749488400000000000,AAPL,XNAS,1.0002862215042114,100,1.0,BUY
1749488419000000000,AAPL,XNAS,1.000025987625122,100,1.0,SELL
1749488481000000000,AAPL,XNAS,0.9995055198669434,100,105.0,SELL
1749488550000000000,AAPL,XNAS,0.9995131492614746,100,109.0,BUY
1749488551000000000,AAPL,XNAS,0.9999568462371826,100,298.0,SELL
1749488623000000000,AAPL,XNAS,1.000442385673523,100,1.0,BUY
1749488624000000000,AAPL,XNAS,1.0005985498428345,100,12.0,BUY
1749488625000000000,AAPL,XNAS,1.0008587837219238,100,1.0,BUY
1749488636000000000,AAPL,XNAS,1.0004944801330566,100,7.0,SELL
1749488647000000000,AAPL,XNAS,1.001067042350769,100,21.0,BUY
1749488648000000000,AAPL,XNAS,1.0011190176010132,100,119.0,BUY
1749488734000000000,AAPL,XNAS,1.0007026195526123,100,129.0,SELL
1749488777000000000,AAPL,XNAS,1.0012298822402954,100,347.0,SELL
1749488803000000000,AAPL,XNAS,1.0019192695617676,100,235.0,BUY
1749488889000000000,AAPL,XNAS,1.0011711120605469,100,1.0,BUY
1749488927000000000,AAPL,XNAS,1.0007736682891846,100,137.0,BUY
1749488931000000000,AAPL,XNAS,1.0002683401107788,100,55.0,SELL
1749488939000000000,AAPL,XNAS,1.0003505945205688,100,264.0,BUY
1749488940000000000,AAPL,XNAS,1.0005985498428345,100,15.0,BUY
1749488953000000000,AAPL,XNAS,1.001067042350769,100,100.0,BUY
1749488957000000000,AAPL,XNAS,1.001067042350769,100,109.0,BUY
1749488969000000000,AAPL,XNAS,1.001067042350769,100,1.0,BUY
1749488981000000000,AAPL,XNAS,1.0013879537582397,100,36.0,BUY
1749489000000000000,AAPL,XNAS,1.0000234842300415,100,1.0,BUY
1749489047000000000,AAPL,XNAS,0.9996187090873718,100,306.0,BUY
1749489068000000000,AAPL,XNAS,0.9995394945144653,100,10.0,BUY
1749489083000000000,AAPL,XNAS,0.9991776943206787,100,20.0,SELL
1749489092000000000,AAPL,XNAS,0.9991776943206787,100,10.0,SELL
1749489123000000000,AAPL,XNAS,0.9992716908454895,100,1.0,SELL
1749489157000000000,AAPL,XNAS,1.000112533569336,100,236.0,SELL
1749489158000000000,AAPL,XNAS,1.000305414199829,100,100.0,BUY
1749489169000000000,AAPL,XNAS,1.0004934072494507,100,1.0,BUY
1749489185000000000,AAPL,XNAS,1.000019907951355,100,118.0,SELL
1749489186000000000,AAPL,XNAS,0.9997415542602539,100,1.0,SELL
1749489231000000000,AAPL,XNAS,0.9997159242630005,100,11.0,SELL
1749489235000000000,AAPL,XNAS,0.9998668432235718,100,3.0,SELL
1749489240000000000,AAPL,XNAS,1.0000234842300415,100,106.0,SELL
1749489265000000000,AAPL,XNAS,0.9999294877052307,100,1.0,SELL
1749489286000000000,AAPL,XNAS,1.0000234842300415,100,3.0,BUY
1749489299000000000,AAPL,XNAS,0.9999294877052307,100,2.0,BUY
1749489359000000000,AAPL,XNAS,0.9999765157699585,100,1.0,BUY
1749489380000000000,AAPL,XNAS,1.000020146369934,100,28.0,BUY
1749489410000000000,AAPL,XNAS,1.0006130933761597,100,291.0,BUY
1749489437000000000,AAPL,XNAS,1.0006814002990723,100,1.0,BUY
1749489480000000000,AAPL,XNAS,1.0007283687591553,100,1.0,BUY
1749489530000000000,AAPL,XNAS,1.0003993511199951,100,1.0,SELL
1749489539000000000,AAPL,XNAS,1.0006343126296997,100,1.0,BUY
1749489561000000000,AAPL,XNAS,0.9996534585952759,100,8.0,BUY
1749489596000000000,AAPL,XNAS,0.9997415542602539,100,193.0,BUY
1749489625000000000,AAPL,XNAS,1.0002610683441162,100,10.0,SELL
1749489648000000000,AAPL,XNAS,1.000213623046875,100,110.0,BUY
1749489660000000000,AAPL,XNAS,1.000213623046875,100,5.0,BUY
1749489678000000000,AAPL,XNAS,0.9998813271522522,100,100.0,BUY
1749489726000000000,AAPL,XNAS,0.9995911717414856,100,214.0,BUY
1749489735000000000,AAPL,XNAS,0.9995965361595154,100,15.0,BUY
1749489771000000000,AAPL,XNAS,0.9992167949676514,100,33.0,BUY
1749489786000000000,AAPL,XNAS,0.9989383220672607,100,314.0,SELL
1749489825000000000,AAPL,XNAS,0.9988844990730286,100,131.0,SELL
1749489834000000000,AAPL,XNAS,0.9990743398666382,100,15.0,BUY
1749489837000000000,AAPL,XNAS,0.9991218447685242,100,28.0,BUY
1749489838000000000,AAPL,XNAS,0.9991218447685242,100,4.0,BUY
1749489851000000000,AAPL,XNAS,0.9991218447685242,100,49.0,BUY
1749489857000000000,AAPL,XNAS,0.9991692900657654,100,31.0,SELL
1749489898000000000,AAPL,XNAS,0.9993591904640198,100,1.0,BUY
1749489907000000000,AAPL,XNAS,0.999406635761261,100,29.0,SELL
1749489908000000000,AAPL,XNAS,0.999691903591156,100,101.0,BUY
1749489983000000000,AAPL,XNAS,0.9995965361595154,100,100.0,BUY
1749490001000000000,AAPL,XNAS,0.9993116855621338,100,100.0,SELL
1749490016000000000,AAPL,XNAS,0.9994224905967712,100,15.0,SELL
1749490031000000000,AAPL,XNAS,0.9996914267539978,100,100.0,SELL
1749490042000000000,AAPL,XNAS,0.9995015859603882,100,2.0,SELL
1749490088000000000,AAPL,XNAS,0.999885618686676,100,11.0,BUY
1749490126000000000,AAPL,XNAS,0.999786376953125,100,1.0,SELL
1749490128000000000,AAPL,XNAS,0.9996914267539978,100,100.0,SELL
1749490129000000000,AAPL,XNAS,0.999833881855011,100,1.0,BUY
1749490136000000000,AAPL,XNAS,0.9995490312576294,100,1.0,UNKNOWN
1749490170000000000,AAPL,XNAS,0.9995965361595154,100,55.0,SELL
1749490207000000000,AAPL,XNAS,0.999611496925354,100,623.0,BUY
1749490210000000000,AAPL,XNAS,0.9996364116668701,100,95.0,BUY
1749490211000000000,AAPL,XNAS,0.9996041059494019,100,18.0,SELL
1749490216000000000,AAPL,XNAS,0.9997818470001221,100,1.0,BUY
1749490228000000000,AAPL,XNAS,0.9997333884239197,100,106.0,BUY
1749490234000000000,AAPL,XNAS,0.9994753003120422,100,554.0,BUY
1749490264000000000,AAPL,XNAS,0.9996349811553955,100,104.0,BUY
1749490286000000000,AAPL,XNAS,0.9997818470001221,100,298.0,BUY
1749490287000000000,AAPL,XNAS,0.999854326248169,100,200.0,BUY
1749490291000000000,AAPL,XNAS,0.9997818470001221,100,100.0,SELL
1749490301000000000,AAPL,XNAS,0.9997333884239197,100,141.0,SELL
1749490303000000000,AAPL,XNAS,0.9996246099472046,100,402.0,BUY
1749490314000000000,AAPL,XNAS,0.9998186230659485,100,224.0,BUY
1749490320000000000,AAPL,XNAS,0.9998303055763245,100,6.0,BUY
1749490322000000000,AAPL,XNAS,0.9998788237571716,100,102.0,BUY
1749490339000000000,AAPL,XNAS,0.9997818470001221,100,10.0,SELL
1749490350000000000,AAPL,XNAS,1.000072717666626,100,200.0,SELL
1749490362000000000,AAPL,XNAS,1.0001696348190308,100,2.0,SELL
1749490370000000000,AAPL,XNAS,1.0000659227371216,100,404.0,BUY
1749490391000000000,AAPL,XNAS,1.000266671180725,100,700.0,BUY
1749490393000000000,AAPL,XNAS,1.0003150701522827,100,100.0,SELL
1749490398000000000,AAPL,XNAS,1.0004605054855347,100,100.0,SELL
1749490403000000000,AAPL,XNAS,1.000557541847229,100,118.0,SELL
1749490406000000000,AAPL,XNAS,1.0005090236663818,100,40.0,UNKNOWN
1749490433000000000,AAPL,XNAS,1.0001981258392334,100,216.0,SELL
1749490437000000000,AAPL,XNAS,0.9998303055763245,100,20.0,SELL
1749490438000000000,AAPL,XNAS,0.9996283054351807,100,120.0,SELL
1749490444000000000,AAPL,XNAS,0.9993939995765686,100,3.0,SELL
1749490461000000000,AAPL,XNAS,0.9992001056671143,100,202.0,SELL
1749490502000000000,AAPL,XNAS,0.9997818470001221,100,1212.0,BUY
1749490505000000000,AAPL,XNAS,0.9997818470001221,100,100.0,BUY
1749490506000000000,AAPL,XNAS,0.9995879530906677,100,16.0,SELL
1749490510000000000,AAPL,XNAS,0.9995614886283875,100,220.0,BUY
1749490540000000000,AAPL,XNAS,0.9992541670799255,100,104.0,SELL
1749490544000000000,AAPL,XNAS,0.9992485642433167,100,1.0,SELL
1749490555000000000,AAPL,XNAS,0.9993442893028259,100,79.0,SELL
1749490559000000000,AAPL,XNAS,0.9993939995765686,100,100.0,SELL
1749490569000000000,AAPL,XNAS,0.999620258808136,100,3.0,BUY
1749490571000000000,AAPL,XNAS,0.9996364116668701,100,250.0,BUY
1749490577000000000,AAPL,XNAS,0.9996364116668701,100,102.0,BUY
1749490582000000000,AAPL,XNAS,0.9994425177574158,100,47.0,BUY
1749490584000000000,AAPL,XNAS,0.9996364116668701,100,446.0,BUY
1749490587000000000,AAPL,XNAS,0.9996951222419739,100,503.0,BUY
1749490589000000000,AAPL,XNAS,0.9998303055763245,100,47.0,SELL
1749490594000000000,AAPL,XNAS,0.9996364116668701,100,101.0,BUY
1749490637000000000,AAPL,XNAS,0.9999757409095764,100,53.0,BUY
1749490649000000000,AAPL,XNAS,0.9998788237571716,100,25.0,BUY
1749490650000000000,AAPL,XNAS,0.9998788237571716,100,81.0,BUY
1749490678000000000,AAPL,XNAS,0.9999757409095764,100,849.0,BUY
1749490679000000000,AAPL,XNAS,1.0000241994857788,100,25.0,SELL
1749490683000000000,AAPL,XNAS,1.000266671180725,100,100.0,UNKNOWN
1749490696000000000,AAPL,XNAS,1.000412106513977,100,155.0,SELL
1749490700000000000,AAPL,XNAS,1.0005817413330078,100,200.0,BUY
1749490701000000000,AAPL,XNAS,1.0006059408187866,100,100.0,SELL
1749490705000000000,AAPL,XNAS,1.0009938478469849,100,11.0,BUY
1749490712000000000,AAPL,XNAS,1.0010907649993896,100,100.0,SELL
1749490722000000000,AAPL,XNAS,1.0014301538467407,100,100.0,SELL
1749490736000000000,AAPL,XNAS,1.0020604133605957,100,59.0,BUY
1749490742000000000,AAPL,XNAS,1.0016967058181763,100,426.0,BUY
1749490755000000000,AAPL,XNAS,1.0013993978500366,100,273.0,SELL
1749490764000000000,AAPL,XNAS,1.0013045072555542,100,377.0,SELL
1749490765000000000,AAPL,XNAS,1.0010273456573486,100,13.0,SELL
1749490773000000000,AAPL,XNAS,1.0012847185134888,100,100.0,BUY
1749490783000000000,AAPL,XNAS,1.0014301538467407,100,297.0,BUY
1749490805000000000,AAPL,XNAS,0.9971494078636169,100,186.0,BUY
1749490841000000000,AAPL,XNAS,0.9978918433189392,100,4.0,BUY
1749490873000000000,AAPL,XNAS,0.9976168870925903,100,1.0,SELL
1749490883000000000,AAPL,XNAS,0.9965693354606628,100,60.0,UNKNOWN
1749490884000000000,AAPL,XNAS,0.9964122176170349,100,1.0,SELL
1749490890000000000,AAPL,XNAS,0.9965169429779053,100,7.0,SELL
1749490912000000000,AAPL,XNAS,0.9969359636306763,100,14.0,BUY
1749490920000000000,AAPL,XNAS,0.9963598251342773,100,10.0,SELL
1749490924000000000,AAPL,XNAS,0.9962766170501709,100,17.0,SELL
1749490934000000000,AAPL,XNAS,0.9960979223251343,100,10.0,SELL
1749490995000000000,AAPL,XNAS,0.9960193634033203,100,10.0,SELL
1749491006000000000,AAPL,XNAS,0.9958229660987854,100,8.0,SELL
1749491025000000000,AAPL,XNAS,0.9956963658332825,100,15.0,SELL
1749491032000000000,AAPL,XNAS,0.9956238269805908,100,96.0,SELL
1749491033000000000,AAPL,XNAS,0.9955741763114929,100,5.0,SELL
1749491037000000000,AAPL,XNAS,0.9958905577659607,100,147.0,SELL
1749491075000000000,AAPL,XNAS,0.9963228702545166,100,17.0,BUY
1749491104000000000,AAPL,XNAS,0.9966799020767212,100,27.0,BUY
1749491129000000000,AAPL,XNAS,0.9971454739570618,100,1.0,BUY
1749491136000000000,AAPL,XNAS,0.9973025918006897,100,1.0,BUY
1749491178000000000,AAPL,XNAS,0.9969359636306763,100,1.0,SELL
1749491203000000000,AAPL,XNAS,0.9974905848503113,100,56.0,BUY
1749491220000000000,AAPL,XNAS,0.9971978664398193,100,1.0,SELL
1749491239000000000,AAPL,XNAS,0.9971978664398193,100,1.0,BUY
1749491294000000000,AAPL,XNAS,0.9975121021270752,100,121.0,BUY
1749491331000000000,AAPL,XNAS,0.9967788457870483,100,100.0,SELL
1749491363000000000,AAPL,XNAS,0.9966217279434204,100,15.0,SELL
1749491480000000000,AAPL,XNAS,0.9996046423912048,100,131.0,SELL
1749491546000000000,AAPL,XNAS,1.001301646232605,100,284.0,SELL
1749491579000000000,AAPL,XNAS,1.002075433731079,100,200.0,BUY
1749491592000000000,AAPL,XNAS,1.0003409385681152,100,420.0,SELL
1749491602000000000,AAPL,XNAS,1.0017023086547852,100,100.0,BUY
1749491649000000000,AAPL,XNAS,0.9995102882385254,100,100.0,BUY
1749491756000000000,AAPL,XNAS,1.000559687614441,100,12.0,SELL
1749491777000000000,AAPL,XNAS,1.000536322593689,100,4.0,SELL
1749491835000000000,AAPL,XNAS,1.0014691352844238,100,12.0,UNKNOWN
1749491850000000000,AAPL,XNAS,1.0007526874542236,100,501.0,SELL
1749491859000000000,AAPL,XNAS,1.0015157461166382,100,4.0,BUY
1749491860000000000,AAPL,XNAS,1.0006762742996216,100,1.0,SELL
1749491918000000000,AAPL,XNAS,1.0021065473556519,100,12.0,SELL
1749491971000000000,AAPL,XNAS,1.0019820928573608,100,102.0,SELL
1749491984000000000,AAPL,XNAS,1.0018888711929321,100,200.0,SELL
1749491987000000000,AAPL,XNAS,1.001969814300537,100,19.0,BUY
1749492013000000000,AAPL,XNAS,0.9997159838676453,100,54.0,SELL
1749492025000000000,AAPL,XNAS,0.9992443919181824,100,75.0,SELL
1749492046000000000,AAPL,XNAS,0.9990447163581848,100,100.0,BUY
1749492077000000000,AAPL,XNAS,0.9995507597923279,100,25.0,SELL
1749492107000000000,AAPL,XNAS,0.999819278717041,100,100.0,SELL
1749492147000000000,AAPL,XNAS,0.9991788268089294,100,176.0,BUY
1749492231000000000,AAPL,XNAS,0.999457836151123,100,4.0,SELL
1749492243000000000,AAPL,XNAS,0.9997159838676453,100,63.0,SELL
1749492284000000000,AAPL,XNAS,1.000180721282959,100,1.0,SELL
1749492290000000000,AAPL,XNAS,0.9999225735664368,100,204.0,SELL
1749492293000000000,AAPL,XNAS,0.9993184208869934,100,20.0,SELL
1749492304000000000,AAPL,XNAS,0.9997159838676453,100,2.0,BUY
1749492336000000000,AAPL,XNAS,0.9992946982383728,100,132.0,BUY
1749492365000000000,AAPL,XNAS,0.9993029236793518,100,3.0,UNKNOWN
1749492376000000000,AAPL,XNAS,0.9998216032981873,100,285.0,BUY
1749492382000000000,AAPL,XNAS,0.9996643662452698,100,2.0,BUY
1749492396000000000,AAPL,XNAS,0.9996643662452698,100,2.0,SELL
1749492402000000000,AAPL,XNAS,0.9996643662452698,100,6.0,SELL
1749492428000000000,AAPL,XNAS,1.0001291036605835,100,4.0,BUY
1749492450000000000,AAPL,XNAS,1.0008440017700195,100,104.0,BUY
1749492494000000000,AAPL,XNAS,1.001006841659546,100,3.0,SELL
1749492508000000000,AAPL,XNAS,1.000800371170044,100,302.0,BUY
1749492510000000000,AAPL,XNAS,1.000800371170044,100,12.0,SELL
1749492515000000000,AAPL,XNAS,1.0013166666030884,100,87.0,BUY
1749492516000000000,AAPL,XNAS,1.001420021057129,100,77.0,BUY
1749492555000000000,AAPL,XNAS,1.000903606414795,100,2.0,SELL
1749492561000000000,AAPL,XNAS,1.000697135925293,100,2.0,SELL
1749492571000000000,AAPL,XNAS,1.0004100799560547,100,324.0,BUY
1749492580000000000,AAPL,XNAS,1.0001291036605835,100,100.0,BUY
1749492616000000000,AAPL,XNAS,0.9949675798416138,99,473.0,BUY
1749492620000000000,AAPL,XNAS,0.9955896735191345,100,151.0,BUY
1749492624000000000,AAPL,XNAS,0.9950574636459351,100,105.0,BUY
1749492644000000000,AAPL,XNAS,0.9952363967895508,100,190.0,SELL
1749492752000000000,AAPL,XNAS,0.9943628907203674,99,347.0,BUY
1749492755000000000,AAPL,XNAS,0.9937908053398132,99,141.0,BUY
1749492761000000000,AAPL,XNAS,0.9942341446876526,99,529.0,BUY
1749492806000000000,AAPL,XNAS,0.9944722652435303,99,3.0,BUY
1749492811000000000,AAPL,XNAS,0.994217038154602,99,174.0,SELL
1749492830000000000,AAPL,XNAS,0.9948755502700806,99,120.0,SELL
1749492867000000000,AAPL,XNAS,0.9944722652435303,99,6.0,SELL
1749492904000000000,AAPL,XNAS,0.9956584572792053,100,89.0,SELL
1749492918000000000,AAPL,XNAS,0.9952788949012756,100,3.0,SELL
1749492930000000000,AAPL,XNAS,0.9952788949012756,100,19.0,SELL
1749492964000000000,AAPL,XNAS,0.9967111945152283,100,139.0,SELL
1749493005000000000,AAPL,XNAS,0.9976038336753845,100,23.0,SELL
1749493011000000000,AAPL,XNAS,0.9981257915496826,100,26.0,BUY
1749493169000000000,AAPL,XNAS,0.9986002445220947,100,20.0,BUY
1749493170000000000,AAPL,XNAS,0.9987900853157043,100,3.0,BUY
1749493211000000000,AAPL,XNAS,0.9990155696868896,100,101.0,BUY
1749493215000000000,AAPL,XNAS,0.9988749027252197,100,1.0,SELL
1749493225000000000,AAPL,XNAS,0.9992818236351013,100,237.0,BUY
1749493263000000000,AAPL,XNAS,0.9985936880111694,100,93.0,SELL
1749493289000000000,AAPL,XNAS,0.9983592629432678,100,1.0,SELL
1749493303000000000,AAPL,XNAS,0.9980409741401672,100,595.0,BUY
1749493304000000000,AAPL,XNAS,0.9975159168243408,100,101.0,BUY
1749493360000000000,AAPL,XNAS,0.9973341822624207,100,542.0,BUY
1749493376000000000,AAPL,XNAS,0.9977967143058777,100,200.0,BUY
1749493388000000000,AAPL,XNAS,0.9974685907363892,100,201.0,SELL
1749493428000000000,AAPL,XNAS,0.9979670643806458,100,273.0,BUY
1749493451000000000,AAPL,XNAS,0.9976561069488525,100,1.0,SELL
1749493489000000000,AAPL,XNAS,0.9972550272941589,100,266.0,BUY
1749493490000000000,AAPL,XNAS,0.996906042098999,100,100.0,BUY
1749493505000000000,AAPL,XNAS,0.9972375631332397,100,323.0,BUY
1749493515000000000,AAPL,XNAS,0.9967654347419739,100,79.0,SELL
1749493571000000000,AAPL,XNAS,0.9968591928482056,100,1.0,UNKNOWN
1749493576000000000,AAPL,XNAS,0.9969529509544373,100,160.0,BUY
1749493631000000000,AAPL,XNAS,0.9968591928482056,100,1.0,BUY
1749493646000000000,AAPL,XNAS,0.9965779185295105,100,200.0,SELL
1749493650000000000,AAPL,XNAS,0.9964372515678406,100,100.0,SELL
1749493651000000000,AAPL,XNAS,0.9963904023170471,100,31.0,SELL
1749493652000000000,AAPL,XNAS,0.9963904023170471,100,1.0,SELL
1749493656000000000,AAPL,XNAS,0.9967185258865356,100,300.0,SELL
1749493692000000000,AAPL,XNAS,0.9971404671669006,100,150.0,BUY
1749493697000000000,AAPL,XNAS,0.9974368214607239,100,301.0,BUY
1749493701000000000,AAPL,XNAS,0.9974920153617859,100,200.0,SELL
1749493703000000000,AAPL,XNAS,0.9979842305183411,100,100.0,BUY
1749493707000000000,AAPL,XNAS,0.9981873631477356,100,300.0,BUY
1749493708000000000,AAPL,XNAS,0.998124897480011,100,1.0,SELL
1749493710000000000,AAPL,XNAS,0.9976823925971985,100,205.0,SELL
1749493711000000000,AAPL,XNAS,0.9974217414855957,100,200.0,BUY
1749493724000000000,AAPL,XNAS,0.9967654347419739,100,19.0,SELL
1749493725000000000,AAPL,XNAS,0.9968591928482056,100,7.0,BUY
1749493727000000000,AAPL,XNAS,0.9964290261268616,100,256.0,BUY
1749493730000000000,AAPL,XNAS,0.9960622787475586,100,100.0,BUY
1749493757000000000,AAPL,XNAS,0.9957810044288635,100,4.0,SELL
1749493767000000000,AAPL,XNAS,0.9956872463226318,100,100.0,UNKNOWN
1749493822000000000,AAPL,XNAS,1.0,100,1.0,SELL
1749493825000000000,AAPL,XNAS,1.0000402927398682,100,71.0,SELL
1749493895000000000,AAPL,XNAS,1.0001939535140991,100,1.0,SELL
1749493903000000000,AAPL,XNAS,1.000563383102417,100,485.0,SELL
1749493904000000000,AAPL,XNAS,1.0005738735198975,100,18.0,SELL
1749493912000000000,AAPL,XNAS,1.0008729696273804,100,1.0,BUY
1749493962000000000,AAPL,XNAS,1.0010669231414795,100,101.0,SELL
1749493968000000000,AAPL,XNAS,1.0014549493789673,100,10.0,SELL
1749493973000000000,AAPL,XNAS,1.001503348350525,100,1.0,SELL
1749494002000000000,AAPL,XNAS,1.0016974210739136,100,1.0,BUY
1749494006000000000,AAPL,XNAS,1.0018913745880127,100,2.0,BUY
1749494012000000000,AAPL,XNAS,1.0016974210739136,100,1.0,UNKNOWN
1749494033000000000,AAPL,XNAS,1.0016974210739136,100,1.0,BUY
1749494048000000000,AAPL,XNAS,1.0016489028930664,100,1.0,BUY
1749494054000000000,AAPL,XNAS,1.0016974210739136,100,1.0,BUY
1749494089000000000,AAPL,XNAS,1.0014064311981201,100,705.0,SELL
1749494092000000000,AAPL,XNAS,1.001357913017273,100,400.0,SELL
1749494095000000000,AAPL,XNAS,1.0013093948364258,100,200.0,BUY
1749494096000000000,AAPL,XNAS,1.0012608766555786,100,1.0,SELL
1749494110000000000,AAPL,XNAS,1.0014064311981201,100,1.0,SELL
1749494126000000000,AAPL,XNAS,1.0013093948364258,100,2.0,SELL
1749494160000000000,AAPL,XNAS,1.0015449523925781,100,21.0,SELL
1749494213000000000,AAPL,XNAS,1.0016489028930664,100,1.0,SELL
1749494229000000000,AAPL,XNAS,1.0016003847122192,100,1.0,BUY
1749494254000000000,AAPL,XNAS,1.0013097524642944,100,302.0,SELL
1749494256000000000,AAPL,XNAS,1.0015017986297607,100,91.0,BUY
1749494321000000000,AAPL,XNAS,1.0012608766555786,100,321.0,BUY
1749494322000000000,AAPL,XNAS,1.0012608766555786,100,12.0,SELL
1749494325000000000,AAPL,XNAS,1.0015424489974976,100,169.0,SELL
1749494326000000000,AAPL,XNAS,1.0018948316574097,100,128.0,SELL
1749494336000000000,AAPL,XNAS,1.0016974210739136,100,10.0,BUY
1749494392000000000,AAPL,XNAS,1.0017458200454712,100,1.0,SELL
1749494396000000000,AAPL,XNAS,1.001745343208313,100,91.0,BUY
1749494454000000000,AAPL,XNAS,1.0043045282363892,100,781.0,BUY
1749494455000000000,AAPL,XNAS,1.005225658416748,101,82.0,BUY
1749494457000000000,AAPL,XNAS,1.005307912826538,101,127.0,BUY
1749494517000000000,AAPL,XNAS,1.00387704372406,100,37.0,BUY
1749494531000000000,AAPL,XNAS,1.0023189783096313,100,244.0,SELL
1749494579000000000,AAPL,XNAS,1.0018811225891113,100,222.0,SELL
1749494588000000000,AAPL,XNAS,1.0037847757339478,100,36.0,BUY
1749494600000000000,AAPL,XNAS,1.0034154653549194,100,6.0,BUY
1749494601000000000,AAPL,XNAS,1.003396987915039,100,10.0,BUY
1749494617000000000,AAPL,XNAS,1.0021923780441284,100,208.0,BUY
1749494742000000000,AAPL,XNAS,1.0022616386413574,100,1.0,SELL
1749494753000000000,AAPL,XNAS,1.0014894008636475,100,313.0,SELL
1749494756000000000,AAPL,XNAS,1.0014770030975342,100,5.0,SELL
1749494769000000000,AAPL,XNAS,1.001846194267273,100,5.0,SELL
1749494771000000000,AAPL,XNAS,1.0012239217758179,100,743.0,SELL
1749494773000000000,AAPL,XNAS,1.0019384622573853,100,100.0,BUY
1749494775000000000,AAPL,XNAS,1.0021462440490723,100,200.0,BUY
1749494780000000000,AAPL,XNAS,1.0021231174468994,100,1.0,BUY
1749494783000000000,AAPL,XNAS,1.0024924278259277,100,37.0,BUY
1749494792000000000,AAPL,XNAS,1.00258469581604,100,5.0,BUY
1749494798000000000,AAPL,XNAS,1.0018713474273682,100,206.0,BUY
1749494832000000000,AAPL,XNAS,1.0012820959091187,100,565.0,BUY
1749494860000000000,AAPL,XNAS,1.0019868612289429,100,210.0,BUY
1749494862000000000,AAPL,XNAS,1.0014770030975342,100,5.0,SELL
1749494865000000000,AAPL,XNAS,1.001984715461731,100,5.0,BUY
1749494982000000000,AAPL,XNAS,1.000922679901123,100,239.0,SELL
1749495000000000000,AAPL,XNAS,1.0003957748413086,100,1.0,BUY
1749495003000000000,AAPL,XNAS,1.0005013942718506,100,5.0,BUY
1749495011000000000,AAPL,XNAS,1.0002374649047852,100,1.0,SELL
1749495030000000000,AAPL,XNAS,1.0002374649047852,100,1.0,SELL
1749495032000000000,AAPL,XNAS,1.000554084777832,100,4.0,BUY
1749495041000000000,AAPL,XNAS,1.0002374649047852,100,1.0,SELL
1749495091000000000,AAPL,XNAS,1.0003430843353271,100,1.0,BUY
1749495095000000000,AAPL,XNAS,1.0003430843353271,100,101.0,BUY
1749495151000000000,AAPL,XNAS,1.0002902746200562,100,1.0,SELL
1749495172000000000,AAPL,XNAS,1.0001846551895142,100,13.0,SELL
1749495185000000000,AAPL,XNAS,1.0000791549682617,100,2.0,SELL
1749495192000000000,AAPL,XNAS,1.0003430843353271,100,1.0,BUY
1749495200000000000,AAPL,XNAS,1.0000263452529907,100,245.0,SELL
1749495212000000000,AAPL,XNAS,1.0001846551895142,100,1.0,BUY
1749495216000000000,AAPL,XNAS,0.9999208450317383,100,207.0,SELL
1749495219000000000,AAPL,XNAS,1.0001319646835327,100,1.0,BUY
1749495251000000000,AAPL,XNAS,0.9997206330299377,100,324.0,SELL
1749495256000000000,AAPL,XNAS,1.0001319646835327,100,1.0,BUY
1749495263000000000,AAPL,XNAS,0.9999735951423645,100,19.0,SELL
1749495331000000000,AAPL,XNAS,0.9999735951423645,100,1.0,UNKNOWN
1749495341000000000,AAPL,XNAS,0.9997625350952148,100,108.0,SELL
1749495347000000000,AAPL,XNAS,0.9996253252029419,100,100.0,SELL
1749495358000000000,AAPL,XNAS,0.9995206594467163,100,24.0,SELL
1749495360000000000,AAPL,XNAS,0.9994986653327942,100,26.0,SELL
1749495372000000000,AAPL,XNAS,0.9994458556175232,100,17.0,SELL
1749495380000000000,AAPL,XNAS,0.9993838667869568,100,86.0,SELL
1749495388000000000,AAPL,XNAS,0.9992464780807495,100,36.0,SELL
1749495390000000000,AAPL,XNAS,0.999340295791626,100,1.0,SELL
1749495392000000000,AAPL,XNAS,0.9991413950920105,100,39.0,SELL
1749495394000000000,AAPL,XNAS,0.9990236759185791,100,1.0,SELL
1749495413000000000,AAPL,XNAS,0.9996569752693176,100,100.0,BUY
1749495418000000000,AAPL,XNAS,0.999393105506897,100,5.0,SELL
1749495419000000000,AAPL,XNAS,0.999340295791626,100,100.0,SELL
1749495450000000000,AAPL,XNAS,0.9995514154434204,100,1.0,SELL
1749495497000000000,AAPL,XNAS,0.9998680353164673,100,500.0,BUY
1749495506000000000,AAPL,XNAS,1.000080943107605,100,206.0,BUY
1749495507000000000,AAPL,XNAS,1.0001846551895142,100,5.0,BUY
1749495535000000000,AAPL,XNAS,1.0004533529281616,100,22.0,BUY
1749495571000000000,AAPL,XNAS,1.0002902746200562,100,2.0,UNKNOWN
1749495577000000000,AAPL,XNAS,0.9999208450317383,100,100.0,SELL
1749495593000000000,AAPL,XNAS,0.9999208450317383,100,2.0,SELL
1749495600000000000,AAPL,XNAS,0.999720573425293,100,18.0,SELL
1749495618000000000,AAPL,XNAS,0.9995660781860352,100,50.0,BUY
1749495635000000000,AAPL,XNAS,0.9999746084213257,100,3.0,BUY
1749495652000000000,AAPL,XNAS,0.9992632865905762,100,100.0,SELL
1749495668000000000,AAPL,XNAS,0.9996697306632996,100,1.0,BUY
1749495695000000000,AAPL,XNAS,0.9998729825019836,100,7.0,BUY
1749495699000000000,AAPL,XNAS,0.9998341798782349,100,131.0,SELL
1749495704000000000,AAPL,XNAS,1.0002202987670898,100,213.0,SELL
1749495711000000000,AAPL,XNAS,1.000584363937378,100,1.0,SELL
1749495715000000000,AAPL,XNAS,1.0005334615707397,100,20.0,UNKNOWN
1749495720000000000,AAPL,XNAS,1.000584363937378,100,50.0,BUY
1749495726000000000,AAPL,XNAS,1.0004826784133911,100,3.0,UNKNOWN
1749495733000000000,AAPL,XNAS,1.000584363937378,100,2.0,BUY
1749495737000000000,AAPL,XNAS,1.0007367134094238,100,3.0,BUY
1749495741000000000,AAPL,XNAS,1.0008951425552368,100,136.0,SELL
1749495742000000000,AAPL,XNAS,1.0007494688034058,100,8.0,BUY
1749495760000000000,AAPL,XNAS,1.0008383989334106,100,12.0,UNKNOWN
1749495763000000000,AAPL,XNAS,1.0010924339294434,100,1.0,SELL
1749495787000000000,AAPL,XNAS,1.0009907484054565,100,3.0,BUY
1749495812000000000,AAPL,XNAS,1.000584363937378,100,90.0,SELL
1749495829000000000,AAPL,XNAS,1.0005334615707397,100,1.0,SELL
1749495833000000000,AAPL,XNAS,1.0007874965667725,100,3.0,BUY
1749495838000000000,AAPL,XNAS,1.0004318952560425,100,220.0,SELL
1749495846000000000,AAPL,XNAS,1.0004318952560425,100,92.0,UNKNOWN
1749495847000000000,AAPL,XNAS,1.000584363937378,100,1.0,SELL
1749495895000000000,AAPL,XNAS,1.0007367134094238,100,12.0,BUY
1749495897000000000,AAPL,XNAS,1.0008891820907593,100,8.0,BUY
1749495917000000000,AAPL,XNAS,1.0006859302520752,100,1.0,SELL
1749495926000000000,AAPL,XNAS,1.0012775659561157,100,417.0,SELL
1749495931000000000,AAPL,XNAS,1.001498818397522,100,1.0,SELL
1749495933000000000,AAPL,XNAS,1.001346468925476,100,2.0,SELL
1749495935000000000,AAPL,XNAS,1.001143217086792,100,188.0,SELL
1749495966000000000,AAPL,XNAS,1.0008257627487183,100,121.0,SELL
1749495990000000000,AAPL,XNAS,1.0015970468521118,100,120.0,SELL
1749496024000000000,AAPL,XNAS,1.0017529726028442,100,1.0,BUY
1749496078000000000,AAPL,XNAS,1.0016512870788574,100,1.0,SELL
1749496094000000000,AAPL,XNAS,1.002007007598877,100,56.0,BUY
1749496117000000000,AAPL,XNAS,1.001702070236206,100,1.0,BUY
1749496125000000000,AAPL,XNAS,1.0013972520828247,100,57.0,SELL
1749496129000000000,AAPL,XNAS,1.001498818397522,100,1.0,SELL
1749496151000000000,AAPL,XNAS,1.001173973083496,100,167.0,SELL
1749496159000000000,AAPL,XNAS,1.001346468925476,100,1.0,SELL
1749496189000000000,AAPL,XNAS,1.0011940002441406,100,1.0,SELL
1749496194000000000,AAPL,XNAS,1.001047968864441,100,24.0,SELL
1749496236000000000,AAPL,XNAS,0.9964095950126648,100,115.0,BUY
1749496250000000000,AAPL,XNAS,0.9953977465629578,100,1.0,SELL
1749496262000000000,AAPL,XNAS,0.994767963886261,99,1.0,SELL
1749496298000000000,AAPL,XNAS,0.9955430626869202,100,33.0,SELL
1749496394000000000,AAPL,XNAS,0.9960618019104004,100,130.0,BUY
1749496413000000000,AAPL,XNAS,0.9966088533401489,100,360.0,SELL
1749496415000000000,AAPL,XNAS,0.99639892578125,100,300.0,BUY
1749496420000000000,AAPL,XNAS,0.9966573119163513,100,5.0,BUY
1749496536000000000,AAPL,XNAS,0.9952507615089417,100,646.0,BUY
1749496538000000000,AAPL,XNAS,0.9949617385864258,99,70.0,SELL
1749496557000000000,AAPL,XNAS,0.995505154132843,100,138.0,SELL
1749496564000000000,AAPL,XNAS,0.9951738119125366,100,698.0,BUY
1749496585000000000,AAPL,XNAS,0.9955812692642212,100,123.0,SELL
1749496586000000000,AAPL,XNAS,0.9963186383247375,100,101.0,SELL
1749496591000000000,AAPL,XNAS,0.9956883788108826,100,3.0,BUY
1749496604000000000,AAPL,XNAS,0.9951555132865906,100,100.0,BUY
1749496785000000000,AAPL,XNAS,0.9948497414588928,99,484.0,SELL
1749496788000000000,AAPL,XNAS,0.9960960149765015,100,220.0,BUY
1749496847000000000,AAPL,XNAS,0.9905741214752197,99,119.0,SELL
1749496848000000000,AAPL,XNAS,0.9900867342948914,99,20.0,BUY
1749496932000000000,AAPL,XNAS,0.9890451431274414,99,116.0,BUY
1749496948000000000,AAPL,XNAS,0.9891672730445862,99,49.0,BUY
1749496957000000000,AAPL,XNAS,0.9899304509162903,99,59.0,BUY
1749497041000000000,AAPL,XNAS,0.9904354810714722,99,113.0,BUY
1749497093000000000,AAPL,XNAS,0.9880908727645874,99,187.0,SELL
1749497113000000000,AAPL,XNAS,0.9869847297668457,99,113.0,BUY
1749497139000000000,AAPL,XNAS,0.9868380427360535,99,45.0,SELL
1749497164000000000,AAPL,XNAS,0.9880563020706177,99,600.0,BUY
1749497225000000000,AAPL,XNAS,0.987146258354187,99,146.0,SELL
1749497363000000000,AAPL,XNAS,0.9879356026649475,99,115.0,BUY
1749497400000000000,AAPL,XNAS,0.9995447993278503,100,17.0,SELL
1749497404000000000,AAPL,XNAS,0.9993531107902527,100,48.0,SELL
1749497434000000000,AAPL,XNAS,0.9993531107902527,100,52.0,SELL
1749497437000000000,AAPL,XNAS,0.9995927214622498,100,28.0,SELL
1749497451000000000,AAPL,XNAS,0.9997364282608032,100,1.0,BUY
1749497459000000000,AAPL,XNAS,0.9999272227287292,100,217.0,SELL
1749497504000000000,AAPL,XNAS,1.0002635717391968,100,103.0,BUY
1749497517000000000,AAPL,XNAS,1.0000718832015991,100,100.0,BUY
1749497563000000000,AAPL,XNAS,0.9994729161262512,100,2.0,SELL
1749497613000000000,AAPL,XNAS,0.9994968771934509,100,100.0,BUY
1749497615000000000,AAPL,XNAS,0.9996406435966492,100,2.0,SELL
1749497638000000000,AAPL,XNAS,0.999329149723053,100,4.0,SELL
1749497650000000000,AAPL,XNAS,0.9992349147796631,100,225.0,SELL
1749497703000000000,AAPL,XNAS,0.9989218711853027,100,4.0,SELL
1749497705000000000,AAPL,XNAS,0.9987306594848633,100,207.0,SELL
1749497706000000000,AAPL,XNAS,0.9988260269165039,100,100.0,SELL
1749497722000000000,AAPL,XNAS,0.9992093443870544,100,368.0,BUY
1749497736000000000,AAPL,XNAS,0.9989697933197021,100,48.0,BUY
1749497751000000000,AAPL,XNAS,0.9992093443870544,100,200.0,BUY
1749497801000000000,AAPL,XNAS,0.999065637588501,100,19.0,BUY
1749497858000000000,AAPL,XNAS,0.9991368055343628,100,206.0,SELL
1749497891000000000,AAPL,XNAS,0.9991135597229004,100,111.0,BUY
1749497917000000000,AAPL,XNAS,0.9993357062339783,100,124.0,BUY
1749498015000000000,AAPL,XNAS,0.9999249577522278,100,177.0,SELL
1749498122000000000,AAPL,XNAS,1.00017511844635,100,1.0,SELL
1749498152000000000,AAPL,XNAS,1.0005253553390503,100,1.0,BUY
1749498156000000000,AAPL,XNAS,1.0006654262542725,100,5.0,BUY
1749498157000000000,AAPL,XNAS,1.0008255243301392,100,36.0,BUY
1749498164000000000,AAPL,XNAS,1.0006754398345947,100,1.0,SELL
1749498201000000000,AAPL,XNAS,1.0006754398345947,100,1.0,SELL
1749498228000000000,AAPL,XNAS,1.0008684396743774,100,42.0,SELL
1749498235000000000,AAPL,XNAS,1.001125693321228,100,1.0,BUY
1749498250000000000,AAPL,XNAS,1.001425862312317,100,14.0,BUY
1749498280000000000,AAPL,XNAS,1.0015159845352173,100,5.0,SELL
1749498289000000000,AAPL,XNAS,1.001425862312317,100,1.0,BUY
1749498295000000000,AAPL,XNAS,1.0016260147094727,100,25.0,BUY
1749498356000000000,AAPL,XNAS,1.001676082611084,100,1.0,UNKNOWN
1749498415000000000,AAPL,XNAS,1.0019729137420654,100,107.0,SELL
1749498416000000000,AAPL,XNAS,1.001994252204895,100,125.0,SELL
1749498440000000000,AAPL,XNAS,1.0019762516021729,100,1.0,SELL
1749498451000000000,AAPL,XNAS,1.0019268989562988,100,399.0,BUY
1749498487000000000,AAPL,XNAS,1.0021764039993286,100,11.0,BUY
1749498518000000000,AAPL,XNAS,1.0022764205932617,100,1.0,SELL
1749498538000000000,AAPL,XNAS,1.0020263195037842,100,500.0,SELL
1749498591000000000,AAPL,XNAS,1.002076268196106,100,1.0,BUY
1749498599000000000,AAPL,XNAS,1.0017260313034058,100,300.0,SELL
1749498600000000000,AAPL,XNAS,0.9984560012817383,100,73.0,BUY
1749498604000000000,AAPL,XNAS,0.9974108934402466,100,100.0,BUY
1749498613000000000,AAPL,XNAS,0.9973462820053101,100,303.0,BUY
1749498621000000000,AAPL,XNAS,0.9977909326553345,100,20.0,BUY
1749498624000000000,AAPL,XNAS,0.9979361891746521,100,206.0,SELL
1749498638000000000,AAPL,XNAS,0.9978859424591064,100,3.0,BUY
1749498648000000000,AAPL,XNAS,0.997506320476532,100,101.0,BUY
1749498669000000000,AAPL,XNAS,0.9970505237579346,100,171.0,BUY
1749498697000000000,AAPL,XNAS,0.9972655177116394,100,50.0,BUY
1749498698000000000,AAPL,XNAS,0.9972208142280579,100,5.0,BUY
1749498713000000000,AAPL,XNAS,0.9972208142280579,100,200.0,SELL
1749498714000000000,AAPL,XNAS,0.9968724250793457,100,300.0,BUY
1749498718000000000,AAPL,XNAS,0.9962232112884521,100,50.0,SELL
1749498728000000000,AAPL,XNAS,0.9962041974067688,100,250.0,BUY
1749498758000000000,AAPL,XNAS,0.9961282014846802,100,3.0,BUY
1749498759000000000,AAPL,XNAS,0.9957956075668335,100,100.0,SELL
1749498780000000000,AAPL,XNAS,0.9953442811965942,100,200.0,SELL
1749498793000000000,AAPL,XNAS,0.9958431124687195,100,20.0,SELL
1749498799000000000,AAPL,XNAS,0.9962688684463501,100,104.0,BUY
1749498806000000000,AAPL,XNAS,0.9958193898200989,100,200.0,BUY
1749498823000000000,AAPL,XNAS,0.9952730536460876,100,100.0,SELL
1749498832000000000,AAPL,XNAS,0.9948930144309998,99,100.0,SELL
1749498838000000000,AAPL,XNAS,0.994655430316925,99,1.0,BUY
1749498849000000000,AAPL,XNAS,0.9939903616905212,99,200.0,BUY
1749498878000000000,AAPL,XNAS,0.9949138164520264,99,178.0,SELL
1749498879000000000,AAPL,XNAS,0.9949880242347717,99,3.0,SELL
1749498886000000000,AAPL,XNAS,0.9946792125701904,99,200.0,BUY
1749498893000000000,AAPL,XNAS,0.9939929842948914,99,146.0,BUY
1749498934000000000,AAPL,XNAS,0.9940378665924072,99,200.0,SELL
1749498938000000000,AAPL,XNAS,0.9942278861999512,99,3.0,BUY
1749498978000000000,AAPL,XNAS,0.9936996698379517,99,101.0,BUY
1749499005000000000,AAPL,XNAS,0.9935944676399231,99,300.0,BUY
1749499006000000000,AAPL,XNAS,0.9934202432632446,99,51.0,SELL
1749499037000000000,AAPL,XNAS,0.9936103224754333,99,100.0,SELL
1749499038000000000,AAPL,XNAS,0.9936103224754333,99,6.0,SELL
1749499041000000000,AAPL,XNAS,0.9935153126716614,99,100.0,SELL
1749499045000000000,AAPL,XNAS,0.9934678077697754,99,38.0,SELL
1749499051000000000,AAPL,XNAS,0.993930995464325,99,304.0,SELL
1749499088000000000,AAPL,XNAS,0.9937528371810913,99,5.0,SELL
1749499094000000000,AAPL,XNAS,0.9942753911018372,99,101.0,BUY
1749499098000000000,AAPL,XNAS,0.9944179058074951,99,3.0,BUY
1749499120000000000,AAPL,XNAS,0.9947101473808289,99,139.0,BUY
1749499130000000000,AAPL,XNAS,0.9944179058074951,99,2.0,SELL
1749499136000000000,AAPL,XNAS,0.9943188428878784,99,645.0,BUY
1749499147000000000,AAPL,XNAS,0.9944161176681519,99,104.0,BUY
1749499157000000000,AAPL,XNAS,0.9947479963302612,99,134.0,BUY
1749499179000000000,AAPL,XNAS,0.9950761198997498,100,477.0,SELL
1749499181000000000,AAPL,XNAS,0.9951305389404297,100,3.0,BUY
1749499215000000000,AAPL,XNAS,1.001181960105896,100,54.0,SELL
1749499233000000000,AAPL,XNAS,1.0014231204986572,100,3.0,BUY
1749499271000000000,AAPL,XNAS,1.0013266801834106,100,21.0,BUY
1749499283000000000,AAPL,XNAS,1.0011743307113647,100,254.0,BUY
1749499284000000000,AAPL,XNAS,1.001181960105896,100,1.0,SELL
1749499333000000000,AAPL,XNAS,1.0013749599456787,100,1.0,BUY
1749499351000000000,AAPL,XNAS,1.0013749599456787,100,1.0,BUY
1749499365000000000,AAPL,XNAS,1.0015209913253784,100,221.0,SELL
1749499366000000000,AAPL,XNAS,1.001664400100708,100,17.0,SELL
1749499388000000000,AAPL,XNAS,1.0020021200180054,100,5.0,BUY
1749499395000000000,AAPL,XNAS,1.0020033121109009,100,40.0,SELL
1749499424000000000,AAPL,XNAS,1.002313494682312,100,22.0,BUY
1749499432000000000,AAPL,XNAS,1.0023397207260132,100,1.0,BUY
1749499454000000000,AAPL,XNAS,1.0023880004882812,100,12.0,BUY
1749499464000000000,AAPL,XNAS,1.0024845600128174,100,1.0,BUY
1749499487000000000,AAPL,XNAS,1.002532720565796,100,21.0,BUY
1749499489000000000,AAPL,XNAS,1.0026774406433105,100,1.0,BUY
1749499501000000000,AAPL,XNAS,1.0027257204055786,100,90.0,BUY
1749499512000000000,AAPL,XNAS,1.002830982208252,100,115.0,BUY
1749499524000000000,AAPL,XNAS,1.002516269683838,100,304.0,SELL
1749499557000000000,AAPL,XNAS,1.0027345418930054,100,22.0,SELL
1749499567000000000,AAPL,XNAS,1.0029668807983398,100,109.0,BUY
1749499586000000000,AAPL,XNAS,1.0027658939361572,100,537.0,SELL
1749499605000000000,AAPL,XNAS,1.0029187202453613,100,90.0,SELL
1749499620000000000,AAPL,XNAS,1.003015160560608,100,1.0,BUY
1749499630000000000,AAPL,XNAS,1.0028221607208252,100,100.0,SELL
1749499634000000000,AAPL,XNAS,1.0028704404830933,100,1.0,UNKNOWN
1749499642000000000,AAPL,XNAS,1.0027740001678467,100,3.0,SELL
1749499643000000000,AAPL,XNAS,1.0027257204055786,100,27.0,SELL
1749499662000000000,AAPL,XNAS,1.0027257204055786,100,190.0,SELL
1749499668000000000,AAPL,XNAS,1.0026532411575317,100,201.0,BUY
1749499669000000000,AAPL,XNAS,1.0027536153793335,100,95.0,SELL
1749499670000000000,AAPL,XNAS,1.0029668807983398,100,15.0,BUY
1749499681000000000,AAPL,XNAS,1.0029668807983398,100,61.0,UNKNOWN
1749499687000000000,AAPL,XNAS,1.0028221607208252,100,227.0,BUY
1749499695000000000,AAPL,XNAS,1.0026129484176636,100,288.0,BUY
1749499698000000000,AAPL,XNAS,1.002629280090332,100,1.0,SELL
1749499704000000000,AAPL,XNAS,1.0028704404830933,100,2.0,SELL
1749499769000000000,AAPL,XNAS,1.003015160560608,100,3.0,BUY
1749499780000000000,AAPL,XNAS,1.0031888484954834,100,365.0,SELL
1749499783000000000,AAPL,XNAS,1.0034493207931519,100,21.0,SELL
1749499785000000000,AAPL,XNAS,1.0034493207931519,100,7.0,UNKNOWN
1749499791000000000,AAPL,XNAS,1.0032740831375122,100,320.0,SELL
1749499807000000000,AAPL,XNAS,1.0006064176559448,100,206.0,BUY
1749499840000000000,AAPL,XNAS,1.0010441541671753,100,211.0,BUY
1749499841000000000,AAPL,XNAS,1.0013846158981323,100,100.0,BUY
1749499865000000000,AAPL,XNAS,1.0016275644302368,100,200.0,BUY
1749499874000000000,AAPL,XNAS,1.0017247200012207,100,75.0,BUY
1749499903000000000,AAPL,XNAS,1.0018705129623413,100,101.0,SELL
1749499967000000000,AAPL,XNAS,1.0022592544555664,100,99.0,BUY
1749499975000000000,AAPL,XNAS,1.0023564100265503,100,2.0,BUY
1749499979000000000,AAPL,XNAS,1.0023564100265503,100,98.0,BUY
1749499993000000000,AAPL,XNAS,1.0019676685333252,100,101.0,SELL
1749500012000000000,AAPL,XNAS,1.0023564100265503,100,172.0,BUY
1749500013000000000,AAPL,XNAS,1.0025992393493652,100,9.0,SELL
1749500022000000000,AAPL,XNAS,1.0028908252716064,100,200.0,SELL
1749500023000000000,AAPL,XNAS,1.0028908252716064,100,25.0,SELL
1749500040000000000,AAPL,XNAS,1.0031830072402954,100,76.0,SELL
1749500054000000000,AAPL,XNAS,1.0030757188796997,100,139.0,SELL
1749500055000000000,AAPL,XNAS,1.0034738779067993,100,101.0,BUY
1749500060000000000,AAPL,XNAS,1.0034531354904175,100,611.0,SELL
1749500090000000000,AAPL,XNAS,1.0037167072296143,100,1.0,BUY
1749500093000000000,AAPL,XNAS,1.003765344619751,100,8.0,BUY
1749500108000000000,AAPL,XNAS,1.0037693977355957,100,236.0,BUY
1749500109000000000,AAPL,XNAS,1.0038138628005981,100,55.0,SELL
1749500114000000000,AAPL,XNAS,1.0041539669036865,100,4.0,BUY
1749500115000000000,AAPL,XNAS,1.0042997598648071,100,100.0,SELL
1749500149000000000,AAPL,XNAS,1.0046932697296143,100,20.0,SELL
1749500167000000000,AAPL,XNAS,1.005010724067688,101,142.0,BUY
1749500169000000000,AAPL,XNAS,1.0049060583114624,100,119.0,BUY
1749500171000000000,AAPL,XNAS,1.0050771236419678,101,1.0,BUY
1749500188000000000,AAPL,XNAS,1.0051761865615845,101,385.0,SELL
1749500189000000000,AAPL,XNAS,1.0054172277450562,101,26.0,BUY
1749500196000000000,AAPL,XNAS,1.0049865245819092,100,231.0,SELL
1749500201000000000,AAPL,XNAS,1.0048828125,100,74.0,UNKNOWN
1749500237000000000,AAPL,XNAS,1.0046398639678955,100,23.0,SELL
1749500265000000000,AAPL,XNAS,1.0051252841949463,101,404.0,BUY
1749500289000000000,AAPL,XNAS,1.0053191184997559,101,202.0,SELL
1749500300000000000,AAPL,XNAS,1.0050731897354126,101,250.0,SELL
1749500305000000000,AAPL,XNAS,1.0050771236419678,101,110.0,SELL
1749500354000000000,AAPL,XNAS,1.0054209232330322,101,106.0,SELL
1749500359000000000,AAPL,XNAS,1.0058058500289917,101,75.0,BUY
1749500361000000000,AAPL,XNAS,1.006000280380249,101,7.0,BUY
1749500394000000000,AAPL,XNAS,1.005534291267395,101,259.0,SELL
1749500395000000000,AAPL,XNAS,1.0054172277450562,101,10.0,SELL
1749500434000000000,AAPL,XNAS,1.0001046657562256,100,33.0,BUY
1749500454000000000,AAPL,XNAS,1.0003674030303955,100,11.0,BUY
1749500456000000000,AAPL,XNAS,1.0004303455352783,100,7.0,BUY
1749500481000000000,AAPL,XNAS,1.0002694129943848,100,12.0,SELL
1749500485000000000,AAPL,XNAS,1.0001877546310425,100,300.0,SELL
1749500487000000000,AAPL,XNAS,1.000171422958374,100,99.0,BUY
1749500505000000000,AAPL,XNAS,1.000171422958374,100,18.0,BUY
1749500511000000000,AAPL,XNAS,0.9998659491539001,100,144.0,BUY
1749500518000000000,AAPL,XNAS,0.9997795820236206,100,1.0,BUY
1749500519000000000,AAPL,XNAS,0.999828577041626,100,48.0,SELL
1749500527000000000,AAPL,XNAS,0.9996815919876099,100,2.0,SELL
1749500529000000000,AAPL,XNAS,0.9996495842933655,100,150.0,SELL
1749500533000000000,AAPL,XNAS,0.9994408488273621,100,178.0,BUY
1749500536000000000,AAPL,XNAS,0.9995346665382385,100,6.0,BUY
1749500538000000000,AAPL,XNAS,0.9996815919876099,100,15.0,BUY
1749500543000000000,AAPL,XNAS,0.9997305870056152,100,9.0,BUY
1749500547000000000,AAPL,XNAS,0.9999265074729919,100,2.0,BUY
1749500550000000000,AAPL,XNAS,0.9999265074729919,100,14.0,SELL
1749500552000000000,AAPL,XNAS,1.000081181526184,100,254.0,BUY
1749500562000000000,AAPL,XNAS,0.999828577041626,100,201.0,SELL
1749500574000000000,AAPL,XNAS,0.9995836615562439,100,200.0,UNKNOWN
1749500584000000000,AAPL,XNAS,0.9997795820236206,100,52.0,BUY
1749500586000000000,AAPL,XNAS,0.9997795820236206,100,4.0,BUY
1749500610000000000,AAPL,XNAS,0.9994611740112305,100,10.0,BUY
1749500618000000000,AAPL,XNAS,0.9995836615562439,100,91.0,BUY
1749500619000000000,AAPL,XNAS,0.9998592734336853,100,308.0,BUY
1749500620000000000,AAPL,XNAS,0.9999755024909973,100,1.0,SELL
1749500635000000000,AAPL,XNAS,0.9998775720596313,100,10.0,SELL
1749500640000000000,AAPL,XNAS,0.999828577041626,100,102.0,BUY
1749500655000000000,AAPL,XNAS,0.9996326565742493,100,3.0,SELL
1749500665000000000,AAPL,XNAS,0.9997795820236206,100,100.0,SELL
1749500670000000000,AAPL,XNAS,0.9997305870056152,100,201.0,BUY
1749500672000000000,AAPL,XNAS,0.9997305870056152,100,1.0,BUY
1749500695000000000,AAPL,XNAS,0.9994366765022278,100,1.0,SELL
1749500730000000000,AAPL,XNAS,0.9995346665382385,100,3.0,UNKNOWN
1749500731000000000,AAPL,XNAS,0.9993877410888672,100,5.0,SELL
1749500739000000000,AAPL,XNAS,0.9994833469390869,100,21.0,SELL
1749500740000000000,AAPL,XNAS,0.9996820688247681,100,212.0,SELL
1749500749000000000,AAPL,XNAS,0.9999265074729919,100,100.0,SELL
1749500768000000000,AAPL,XNAS,0.9999755024909973,100,1.0,SELL
1749500769000000000,AAPL,XNAS,1.000171422958374,100,3.0,BUY
1749500812000000000,AAPL,XNAS,1.000024437904358,100,1.0,SELL
1749500818000000000,AAPL,XNAS,1.0000734329223633,100,1.0,BUY
1749500827000000000,AAPL,XNAS,1.0000734329223633,100,1.0,BUY
1749500856000000000,AAPL,XNAS,0.9999265074729919,100,50.0,SELL
1749500878000000000,AAPL,XNAS,1.0000734329223633,100,1.0,BUY
1749500887000000000,AAPL,XNAS,1.0001691579818726,100,242.0,SELL
1749500890000000000,AAPL,XNAS,1.0005632638931274,100,123.0,BUY
1749500911000000000,AAPL,XNAS,1.0003184080123901,100,402.0,SELL
1749500938000000000,AAPL,XNAS,1.0002022981643677,100,27.0,BUY
1749500939000000000,AAPL,XNAS,1.000024437904358,100,1.0,SELL
1749500950000000000,AAPL,XNAS,0.9999265074729919,100,100.0,SELL
